,Unnamed: 0,Ticker,ESG Score,Country
0,0,IYSMX,26.11,USA
1,1,USBSX,24.37,USA
2,2,RIMIX,26.69,USA
3,3,WFLVX,23.68,USA
4,4,PAFFX,23.63,USA
5,5,MGQLX,19.83,USA
6,6,MDIIX,22.34,USA
7,7,AWAKX,22.63,USA
8,8,VPCCX,23.02,USA
9,9,ACAZX,21.17,USA
10,10,HERCX,27.4,USA
11,11,GHAYX,32.7,USA
12,12,ARDVX,23.19,USA
13,13,FRDTX,22.34,USA
14,14,ANJIX,23.09,USA
15,15,PTBNX,23.5,USA
16,16,OISVX,26.19,USA
17,17,ZSCIX,29.55,USA
18,18,FWWFX,21.54,USA
19,19,SENAX,23.25,USA
20,20,NQVAX,25.02,USA
21,21,PNGYX,23.2,USA
22,22,JAENX,22.5,USA
23,23,MDDVX,24.87,USA
24,24,NIQTX,19.54,USA
25,25,LIPIX,22.82,USA
26,26,GGBZX,22.89,USA
27,27,PCGRX,23.61,USA
28,28,JLJAX,23.78,USA
29,29,WRAAX,22.95,USA
30,30,SWERX,22.72,Sweden
31,31,WAAEX,26.84,USA
32,32,NPFCX,23.09,USA
33,33,MADVX,24.87,USA
34,34,MLGRX,20.01,USA
35,35,HCACX,22.91,USA
36,36,JAMVX,25.18,USA
37,37,PCHSX,25.87,USA
38,38,ISZAX,23.99,USA
39,39,PCBCX,22.19,USA
40,40,IPESX,24.29,USA
41,41,DAFGX,19.6,USA
42,42,WCEYX,21.46,USA
43,43,QGRCX,23.92,USA
44,44,MFELX,20.59,USA
45,45,GLNMX,21.73,USA
46,46,USBNX,26.86,USA
47,47,DFQTX,23.64,USA
48,48,RSNRX,41.21,USA
49,49,AUSAX,27.54,USA
50,50,AGOZX,27.43,USA
51,51,FSPHX,26.95,USA
52,52,JILBX,24.67,USA
53,53,QUARX,28.78,USA
54,54,CSRSX,15.92,USA
55,55,GTNYX,22.08,USA
56,56,MUXYX,22.05,USA
57,57,OAKBX,25.17,USA
58,58,VEURX,21.64,USA
59,59,ARTMX,22.93,USA
60,60,CDVZX,23.28,USA
61,61,BIAHX,22.31,USA
62,62,PRGFX,21.15,USA
63,63,LTPDX,23.38,USA
64,64,BIAQX,25.59,USA
65,65,NRFYX,15.59,USA
66,66,MGOYX,23.58,USA
67,67,USMCX,22.22,USA
68,68,TWGAX,19.6,USA
69,69,HCAYX,22.91,USA
70,70,VCIGX,23.46,USA
71,71,JRLQX,23.23,USA
72,72,ACGQX,24.77,USA
73,73,IGAAX,23.11,USA
74,74,BLPIX,21.86,USA
75,75,WMGYX,23.41,USA
76,76,TCWAX,26.23,USA
77,77,ISGAX,23.93,USA
78,78,S2966.MC,22.82,Spain
79,79,FITHX,23.7,USA
80,80,RINGX,24.72,USA
81,81,OLVAX,24.82,USA
82,82,CHUSX,20.97,USA
83,83,PLWIX,23.5,USA
84,84,CPRAX,23.7,USA
85,85,GBLIX,23.82,USA
86,86,MNDIX,25.22,USA
87,87,GSCTX,28.93,USA
88,88,SGIIX,22.97,USA
89,89,BGLAX,25.42,USA
90,90,ARFFX,25.51,USA
91,91,DTGRX,21.6,USA
92,92,WEMCX,29.41,USA
93,93,KAUFX,27.61,USA
94,94,WAEMX,24.33,USA
95,95,GTLLX,18.63,USA
96,96,537007.BO,26.96,
97,97,EAASX,23.41,USA
98,98,RIRFX,23.74,USA
99,99,WSTRX,21.75,USA
100,100,PGRQX,16.16,USA
101,101,SMALTA1B.MX,26.77,Mexico
102,102,EKBYX,24.43,USA
103,103,RAFCX,22.86,USA
104,104,FLVEX,25.09,USA
105,105,FSGAX,23.82,USA
106,106,PSTQX,26.82,USA
107,107,PRDMX,22.58,USA
108,108,PRWCX,24.18,USA
109,109,S2016.MC,22.14,Spain
110,110,IDXPX,23.14,USA
111,111,HIGUX,21.76,USA
112,112,ANZRX,25.63,USA
113,113,ICMUX,28.16,USA
114,114,DQICX,22.52,USA
115,115,OWLSX,21.88,USA
116,116,USMYX,22.22,USA
117,117,FMPAX,23.33,USA
118,118,ACSLX,20.26,USA
119,119,WMGAX,23.41,USA
120,120,NECCX,23.35,USA
121,121,IBIIX,23.01,USA
122,122,NWIAX,23.84,USA
123,123,PARDX,23.5,USA
124,124,FLCSX,24.5,USA
125,125,WAGRX,23.02,USA
126,126,MUIFX,22.92,USA
127,127,WBLIX,22.99,USA
128,128,GTAAX,24.04,USA
129,129,MIGYX,21.72,USA
130,130,JMCCX,23.26,USA
131,131,NRFNX,15.59,USA
132,132,EARSX,21.37,USA
133,133,PAGEX,16.54,USA
134,134,FIRIX,17.92,USA
135,135,VGELX,31.32,USA
136,136,BGEIX,32.03,USA
137,137,AFPAX,26.35,USA
138,138,TEQAX,21.38,USA
139,139,EITMX,22.5,USA
140,140,RYPRX,24.99,USA
141,141,AZSAX,27.91,USA
142,142,DFIPX,24.81,USA
143,143,POSKX,22.96,USA
144,144,REETX,23.55,USA
145,145,TSGRX,23.11,USA
146,146,AEPFX,24.1,USA
147,147,DDVIX,23.31,USA
148,148,URTCX,15.46,USA
149,149,VAFAX,21.68,USA
150,150,RDWFX,26.43,USA
151,151,JSIVX,28.88,USA
152,152,DAVPX,20.97,USA
153,153,ABCSX,24.88,USA
154,154,MMABX,22.9,USA
155,155,SGGDX,30.47,USA
156,156,COCVX,23.6,USA
157,157,FSUTX,32.56,USA
158,158,JLKEX,23.77,USA
159,159,MINIX,20.76,USA
160,160,VMIDX,25.16,USA
161,161,PIIRX,23.2,USA
162,162,VGSLX,15.86,USA
163,163,FAJTX,23.5,USA
164,164,HJPIX,21.55,USA
165,165,JRTBX,23.68,USA
166,166,SGFCX,27.43,USA
167,167,TRVLX,23.64,USA
168,168,INBURSAB-2.MX,33.74,Mexico
169,169,PGEMX,22.55,USA
170,170,MACSX,22.93,USA
171,171,VSMGX,23.22,USA
172,172,FAOTX,23.8,USA
173,173,SCUVX,28.2,USA
174,174,S0660.MC,23.23,Spain
175,175,MMIZX,22.05,USA
176,176,LYRBX,21.88,USA
177,177,HATRX,23.36,USA
178,178,DMECX,28.19,USA
179,179,NDVCX,27.75,USA
180,180,CMTFX,18.98,USA
181,181,MCNVX,27.17,USA
182,182,RDVIX,25.72,USA
183,183,VBINX,22.86,USA
184,184,PIGFX,19.56,USA
185,185,MLVTX,22.49,USA
186,186,KLCCX,22.45,USA
187,187,PRFDX,25.73,USA
188,188,RYSIX,21.64,USA
189,189,FCPGX,27.47,USA
190,190,VNVAX,26.0,USA
191,191,HWVIX,29.64,USA
192,192,AVEMX,25.59,USA
193,193,WAGOX,25.31,USA
194,194,OINCX,22.92,USA
195,195,FDTOX,22.78,USA
196,196,NWUCX,26.73,USA
197,197,FISPX,22.03,USA
198,198,FOCWX,23.49,USA
199,199,INDIX,27.05,USA
200,200,RINYX,22.76,USA
201,201,ATDIX,22.79,USA
202,202,UBVSX,27.25,USA
203,203,CIRFX,23.74,USA
204,204,CGMRX,23.62,USA
205,205,DEGCX,19.53,USA
206,206,FATWX,24.13,USA
207,207,MDLOX,22.64,USA
208,208,HILIX,25.94,USA
209,209,EAAIX,23.54,USA
210,210,EKHCX,24.44,USA
211,211,HCMDX,20.86,USA
212,212,NOEMX,26.89,USA
213,213,USAUX,21.05,USA
214,214,MFRFX,22.34,USA
215,215,XU8P.SG,30.99,Germany
216,216,PGNAX,35.14,USA
217,217,VMCPX,23.16,USA
218,218,ROBC.AS,21.51,Netherlands
219,219,FNPSX,20.65,USA
220,220,TRLIX,23.36,USA
221,221,FABZX,25.09,USA
222,222,MLVPX,22.49,USA
223,223,QMLFX,24.37,USA
224,224,VWMCX,25.65,USA
225,225,WASYX,23.82,USA
226,226,SIMTX,21.53,USA
227,227,SMMIX,22.57,USA
228,228,JEVRX,27.86,USA
229,229,TMAPX,24.64,USA
230,230,SREQX,16.95,USA
231,231,BCMAX,22.85,USA
232,232,SCWFX,26.16,USA
233,233,PSBMX,28.59,Sweden
234,234,ASVIX,25.25,USA
235,235,KAUAX,27.61,USA
236,236,HDMBX,27.78,USA
237,237,JPDVX,23.51,USA
238,238,BWLIX,23.2,USA
239,239,REPSX,15.77,USA
240,240,RYZAX,23.91,USA
241,241,FH5R.SW,30.1,
242,242,PLGIX,21.63,USA
243,243,MPACX,27.46,USA
244,244,VADRX,23.01,USA
245,245,DEQCX,20.59,USA
246,246,ROFRX,29.81,USA
247,247,HAINX,22.64,USA
248,248,NBMLX,23.42,USA
249,249,QUPM.SW,40.17,
250,250,MMEYX,28.95,USA
251,251,WSCGX,27.23,USA
252,252,ECCPX,20.65,USA
253,253,EVCGX,22.9,USA
254,254,THGRX,26.23,USA
255,255,PSPFX,31.59,USA
256,256,VASGX,23.3,USA
257,257,RDWBX,26.43,USA
258,258,USGRX,21.65,USA
259,259,FSEA.SW,23.69,
260,260,SSIEV.CO,24.27,Denmark
261,261,S2584.MC,21.87,Spain
262,262,GAIOX,23.57,USA
263,263,IVWCX,23.23,USA
264,264,SRJAX,22.6,USA
265,265,TILIX,20.67,USA
266,266,GCCEX,23.98,USA
267,267,RBLSX,24.19,USA
268,268,GASFX,30.2,USA
269,269,RICEX,23.49,USA
270,270,ESVAX,24.26,USA
271,271,IVTBX,24.38,USA
272,272,JCNIX,25.38,USA
273,273,VBAIX,22.86,USA
274,274,PAEBX,22.9,USA
275,275,IDVCX,22.08,USA
276,276,PSGLX,22.88,Sweden
277,277,INBUMEXB-1.MX,28.17,Mexico
278,278,VMCIX,23.16,USA
279,279,VUSCX,22.96,USA
280,280,JEEDX,25.78,USA
281,281,JLIHX,23.78,USA
282,282,LSSIX,29.34,USA
283,283,MTINX,24.02,USA
284,284,WPSGX,20.1,USA
285,285,FMPTX,23.33,USA
286,286,RYVVX,23.91,USA
287,287,FTFFX,23.58,USA
288,288,IRMTX,23.6,USA
289,289,OGLCX,20.15,USA
290,290,MMGEX,27.97,USA
291,291,TWGIX,20.16,USA
292,292,KGDCX,27.14,USA
293,293,QRSVX,26.35,USA
294,294,JHMSX,23.71,
295,295,LDMOX,27.15,USA
296,296,CSGRX,21.93,USA
297,297,WFKRX,24.53,USA
298,298,JCONX,25.38,USA
299,299,VSCIX,26.39,USA
300,300,BGRWX,20.93,USA
301,301,ESPNX,31.08,USA
302,302,MYITX,22.93,USA
303,303,VGECX,19.92,USA
304,304,TVFVX,28.23,USA
305,305,BISAX,27.73,USA
306,306,FAETX,23.55,USA
307,307,PURAX,16.16,USA
308,308,GSRCX,22.88,USA
309,309,BDSYX,23.0,USA
310,310,NWHUX,20.7,USA
311,311,RMIAX,22.84,USA
312,312,FOVCX,27.83,USA
313,313,WWIAX,23.97,USA
314,314,BALPX,25.24,USA
315,315,URSIX,23.39,USA
316,316,FGIQX,23.25,USA
317,317,DDDAX,26.0,USA
318,318,PFPFX,24.42,USA
319,319,MGQSX,19.83,USA
320,320,FGILX,21.96,USA
321,321,NAVFX,22.76,USA
322,322,GTSAX,26.58,USA
323,323,JLPSX,21.89,USA
324,324,JOPPX,25.97,USA
325,325,CGRYX,26.54,USA
326,326,LICQX,21.91,USA
327,327,RGBEX,24.13,USA
328,328,STLEX,23.76,USA
329,329,EMRYX,24.7,USA
330,330,BCGPX,23.27,USA
331,331,FCNKX,21.59,USA
332,332,RYOTX,29.33,USA
333,333,SGENX,22.97,USA
334,334,JHSRX,25.63,USA
335,335,NIEYX,19.91,USA
336,336,JOBEX,23.08,USA
337,337,FNITX,21.93,USA
338,338,SINAX,22.1,USA
339,339,PEEAX,23.13,USA
340,340,KBEPF.AS,14.17,Netherlands
341,341,OTCYX,21.5,USA
342,342,VTWIX,23.27,USA
343,343,SHRAX,21.93,USA
344,344,MTPKX,24.04,USA
345,345,S3377.MC,21.87,Spain
346,346,QBNAX,26.86,USA
347,347,LMYIX,32.89,USA
348,348,MUTHX,24.09,USA
349,349,VKMGX,22.96,USA
350,350,SMERX,26.09,USA
351,351,MRIGX,24.59,USA
352,352,OLGAX,21.61,USA
353,353,GMCQX,20.95,USA
354,354,AGREX,16.09,USA
355,355,GAGEX,34.36,USA
356,356,GDMZX,23.89,USA
357,357,HDGIX,22.42,USA
358,358,EVTMX,21.62,USA
359,359,WEIAX,26.56,USA
360,360,MTRRX,23.33,USA
361,361,NMIEX,22.42,USA
362,362,VGTSX,24.19,USA
363,363,MRDVX,24.87,USA
364,364,DISVX,27.85,USA
365,365,LMISX,22.07,USA
366,366,ANFCX,22.69,USA
367,367,MYEMX,29.41,USA
368,368,CECYX,22.03,USA
369,369,TLCYX,20.27,USA
370,370,BBVAEMGPV.MX,27.89,Mexico
371,371,DFCEX,28.11,USA
372,372,ADGCX,21.23,USA
373,373,NICSX,20.79,USA
374,374,AAAPX,22.46,USA
375,375,ASRLX,22.95,USA
376,376,TRECX,30.9,USA
377,377,VMGRX,23.05,USA
378,378,FRDPX,22.34,USA
379,379,JAQSX,23.41,USA
380,380,TIGRX,22.4,USA
381,381,FGTZX,22.17,Sweden
382,382,NWHLX,22.86,USA
383,383,WSTCX,21.75,USA
384,384,RLISX,23.64,Sweden
385,385,RDITX,23.51,USA
386,386,DWAFX,22.36,USA
387,387,SUHCX,26.31,USA
388,388,JYIINA.CO,26.81,Denmark
389,389,PSCRX,30.25,USA
390,390,TWVLX,24.52,USA
391,391,JRBYX,23.52,USA
392,392,WLGRX,19.3,USA
393,393,DWUSX,27.39,USA
394,394,MMYLX,26.64,USA
395,395,FHKAX,25.04,USA
396,396,TLHIX,23.03,USA
397,397,AFNIX,21.96,USA
398,398,TEDSX,24.7,USA
399,399,HLIEX,22.92,USA
400,400,S3007.MC,22.83,Spain
401,401,IRMPX,22.6,USA
402,402,535276.BO,26.61,
403,403,FDYNX,22.28,USA
404,404,HWVAX,29.64,USA
405,405,DKIEEU.CO,31.13,Denmark
406,406,FIEUX,23.2,USA
407,407,ITCSX,24.16,USA
408,408,JABAX,21.26,USA
409,409,DIVPX,21.75,USA
410,410,HFOCX,22.34,USA
411,411,RELRX,23.93,USA
412,412,FKBSX,28.56,USA
413,413,MRSJX,21.37,USA
414,414,CIOAX,22.39,USA
415,415,CIBCX,23.74,USA
416,416,ITFEX,22.79,USA
417,417,MAGJX,22.69,USA
418,418,GBLEX,24.13,USA
419,419,MNMCX,23.97,USA
420,420,RYHRX,16.5,USA
421,421,QLSCX,28.84,USA
422,422,IUERX,20.04,USA
423,423,JPLGX,24.54,USA
424,424,WASAX,23.82,USA
425,425,GWOAX,22.57,USA
426,426,HDSVX,29.02,USA
427,427,FBGRX,22.0,USA
428,428,DFIEX,24.18,USA
429,429,FGIPX,23.25,USA
430,430,QDVCX,24.4,USA
431,431,DREGX,24.54,USA
432,432,RTDYX,22.06,USA
433,433,GARIX,23.4,USA
434,434,LIORX,25.65,USA
435,435,GCTIX,22.66,USA
436,436,JNOSX,22.61,USA
437,437,RPMVX,26.63,USA
438,438,SCMIX,20.8,USA
439,439,THBVX,30.1,USA
440,440,RYIUX,24.81,USA
441,441,IYGOX,31.65,USA
442,442,GRLLX,22.04,USA
443,443,S1794.MC,22.74,Spain
444,444,GSPCX,22.03,Sweden
445,445,AACIX,26.28,USA
446,446,HAOYX,21.67,USA
447,447,BWLAX,23.2,USA
448,448,HLPPX,19.79,USA
449,449,NWQAX,25.27,USA
450,450,JTUCX,28.73,USA
451,451,JMVNX,26.6,Sweden
452,452,GAGAX,22.93,USA
453,453,BFTIX,21.55,USA
454,454,WFIVX,22.72,USA
455,455,FFDKX,20.33,USA
456,456,WMFFX,23.2,USA
457,457,S3563.MC,26.11,Spain
458,458,AKREX,17.95,USA
459,459,MSCYX,27.97,USA
460,460,JCPRX,21.89,USA
461,461,SEPKX,23.25,USA
462,462,MCDFX,28.9,USA
463,463,NPNCX,28.59,USA
464,464,NMIAX,22.03,USA
465,465,BPLSX,24.27,USA
466,466,DISRX,19.9,USA
467,467,LTRIX,22.97,USA
468,468,JICCX,17.61,USA
469,469,FEATX,24.3,USA
470,470,MTOAX,24.06,USA
471,471,RGAGX,23.63,USA
472,472,FDESX,22.78,USA
473,473,MEURX,22.8,USA
474,474,PABAX,22.97,USA
475,475,UI26.SW,19.38,
476,476,PCGJX,22.83,USA
477,477,PNBAX,22.31,USA
478,478,FIREX,17.92,USA
479,479,VTSNX,24.19,USA
480,480,JGYBX,23.53,USA
481,481,VWIAX,24.7,USA
482,482,LDIFX,21.8,USA
483,483,NSCRX,28.67,USA
484,484,BX+CAPB-E1.MX,29.51,Mexico
485,485,ECOIX,25.21,USA
486,486,FMGEX,21.81,USA
487,487,HAVGX,19.88,USA
488,488,EITIX,22.06,USA
489,489,IIIIX,22.31,USA
490,490,MTZKX,23.5,USA
491,491,HAIDK.CO,21.42,Denmark
492,492,AEDNX,27.61,USA
493,493,RSLAX,26.16,USA
494,494,ABSIX,24.88,USA
495,495,HHCAX,26.91,USA
496,496,AMIGX,18.78,USA
497,497,HILYX,25.94,USA
498,498,JERIX,17.35,USA
499,499,FSMVX,23.33,USA
500,500,LPBAX,23.89,USA
501,501,DVLCX,25.52,USA
502,502,VITAX,17.2,USA
503,503,VAPIX,21.01,USA
504,504,JM54.SG,23.64,Germany
505,505,S0580.MC,24.21,Spain
506,506,FOOLX,22.52,USA
507,507,TISCX,20.88,USA
508,508,FLVIX,23.78,USA
509,509,QGRIX,23.92,USA
510,510,PTEFX,22.97,Sweden
511,511,NBSTX,19.94,USA
512,512,UVALX,23.65,USA
513,513,BCVCX,23.46,USA
514,514,QUACX,28.78,USA
515,515,OGGCX,22.7,USA
516,516,EPLPX,23.7,USA
517,517,CBBYX,22.27,USA
518,518,CCIZX,20.8,USA
519,519,VTCLX,22.18,USA
520,520,MCAGX,22.15,USA
521,521,IOCZX,23.89,USA
522,522,STFFX,20.78,USA
523,523,OIEIX,22.92,USA
524,524,PPUNX,21.63,USA
525,525,HBSGX,28.82,USA
526,526,BAFFX,20.5,USA
527,527,PAXWX,19.7,USA
528,528,HBGIX,22.4,USA
529,529,BALVX,23.39,USA
530,530,VALUX,22.12,USA
531,531,FKDNX,22.28,USA
532,532,NECOX,24.65,USA
533,533,RNGGX,22.69,USA
534,534,S1575.MC,20.21,Spain
535,535,TLXIX,23.04,USA
536,536,GSURX,21.11,USA
537,537,RAJTX,23.86,USA
538,538,JGMNX,27.02,USA
539,539,HULIX,25.46,USA
540,540,GMGZX,22.83,USA
541,541,NWQRX,26.7,USA
542,542,MAPBX,21.44,USA
543,543,RINTX,22.76,Sweden
544,544,TWQZX,23.15,USA
545,545,ASIAX,24.24,USA
546,546,VFSNX,27.3,USA
547,547,MAGWX,22.69,USA
548,548,GMWZX,23.37,Sweden
549,549,PACBX,23.06,USA
550,550,AFOIX,25.11,USA
551,551,FUNDX,21.88,USA
552,552,LRSCX,28.02,USA
553,553,MEIAX,23.87,USA
554,554,GTCSX,26.84,USA
555,555,CSPCX,26.16,USA
556,556,HDPSX,27.88,USA
557,557,FMQRX,24.4,USA
558,558,CBLSX,22.92,USA
559,559,RIDBX,24.39,USA
560,560,JDWRX,22.33,USA
561,561,TGCNX,19.38,USA
562,562,RLCOX,23.17,USA
563,563,HUSIX,31.21,USA
564,564,S3182.MC,25.33,Spain
565,565,S3273.MC,23.07,Spain
566,566,SMAPX,30.5,USA
567,567,ODVYX,23.3,USA
568,568,SVOAX,23.41,USA
569,569,IGMSX,20.16,USA
570,570,JLVZX,24.82,USA
571,571,HWCCX,25.33,USA
572,572,NBGUX,22.12,USA
573,573,PRNHX,23.44,USA
574,574,IAXIX,22.59,USA
575,575,FSTCX,22.58,USA
576,576,VHCIX,26.25,USA
577,577,EQPIX,24.42,USA
578,578,OGICX,25.46,USA
579,579,NBICX,23.44,USA
580,580,MMDEX,19.88,USA
581,581,IMRFX,23.27,USA
582,582,ORDNX,19.76,USA
583,583,JTSZX,22.25,USA
584,584,AFDAX,19.77,USA
585,585,MHESX,22.23,USA
586,586,VEIPX,24.38,USA
587,587,LBSAX,22.27,USA
588,588,DSMLX,20.56,USA
589,589,FAMKX,27.13,USA
590,590,CGRIX,22.17,USA
591,591,BPSCX,25.06,USA
592,592,JMVCX,24.76,USA
593,593,BMBYX,24.66,USA
594,594,CNPIX,23.58,USA
595,595,FLSCX,23.78,USA
596,596,RSQCX,27.06,USA
597,597,PJFZX,21.04,USA
598,598,WFSPX,22.05,USA
599,599,GHTIX,27.18,USA
600,600,AACFX,27.46,USA
601,601,MUSBX,21.58,USA
602,602,ARRKX,16.64,USA
603,603,TSEMX,24.42,USA
604,604,PSCMX,30.25,USA
605,605,FCYIX,28.38,USA
606,606,DRYQX,22.09,USA
607,607,MSIQX,21.61,USA
608,608,VSMSX,28.11,USA
609,609,ASPIX,21.05,USA
610,610,SPWYX,27.13,USA
611,611,JVLBX,23.34,USA
612,612,XQ13.SG,25.77,Germany
613,613,LNGZX,25.18,USA
614,614,AGGAX,22.51,USA
615,615,DGERX,23.88,USA
616,616,NYIGLA.CO,21.42,Denmark
617,617,CVQTX,23.17,USA
618,618,CPEAX,22.93,USA
619,619,KMDIX,27.25,USA
620,620,JIFNX,25.33,USA
621,621,IHOAX,21.67,USA
622,622,MUXAX,22.05,USA
623,623,ATEYX,20.95,USA
624,624,JENRX,21.54,USA
625,625,HACAX,20.97,USA
626,626,OAKWX,23.06,USA
627,627,MPGFX,23.42,USA
628,628,EIRAX,24.52,USA
629,629,+TASAD1M2.MX,23.44,Mexico
630,630,ALARX,21.11,USA
631,631,RNPFX,23.09,USA
632,632,PFSAX,23.81,USA
633,633,FDIVX,20.21,USA
634,634,TES3.SG,20.32,Germany
635,635,PLDDX,25.18,USA
636,636,NLCIX,21.05,USA
637,637,CEMFX,26.79,USA
638,638,IRSAX,15.6,USA
639,639,FGADX,37.8,USA
640,640,ECERX,21.27,USA
641,641,MRSAX,21.37,USA
642,642,HULEX,25.46,USA
643,643,TROSX,22.57,USA
644,644,OAAIX,24.11,USA
645,645,INIIX,35.61,USA
646,646,FNARX,30.77,USA
647,647,TMGIX,23.34,USA
648,648,WVALX,20.53,USA
649,649,NEJCX,25.49,USA
650,650,DFMVX,23.86,USA
651,651,PSILX,23.44,USA
652,652,HHOF.AS,20.8,Netherlands
653,653,AAHTX,23.56,USA
654,654,GCVCX,22.92,USA
655,655,OMCIX,27.25,USA
656,656,ARFSX,22.89,USA
657,657,BALCX,23.46,USA
658,658,HSFNX,29.81,USA
659,659,WSDAX,25.26,USA
660,660,STSIX,27.13,USA
661,661,WHGSX,30.46,USA
662,662,QFVOX,21.95,USA
663,663,VSIIX,26.85,USA
664,664,QSMNX,27.94,USA
665,665,BGRQX,23.66,USA
666,666,EATVX,24.06,USA
667,667,CIMAX,24.39,USA
668,668,FCPVX,24.59,USA
669,669,RYNCX,22.06,USA
670,670,FSGRX,29.56,USA
671,671,RFKTX,23.35,USA
672,672,CGRCX,26.54,USA
673,673,SESVX,26.92,USA
674,674,TSMLX,23.46,USA
675,675,HFMCX,24.79,USA
676,676,TWCGX,20.16,USA
677,677,RYOCX,20.86,USA
678,678,DLHIX,27.34,USA
679,679,BFLAX,24.71,USA
680,680,BCMPX,24.14,USA
681,681,NFGIX,24.64,USA
682,682,QGIAX,20.9,USA
683,683,VSEAX,24.89,USA
684,684,RNWGX,25.24,USA
685,685,WPVAX,24.22,USA
686,686,S2472.MC,21.83,Spain
687,687,NSGRX,28.72,USA
688,688,JVMIX,24.69,USA
689,689,LU93.SG,23.01,Germany
690,690,S0332.MC,22.72,Spain
691,691,FEIKX,23.92,USA
692,692,LEXCX,23.1,USA
693,693,JEVCX,27.86,USA
694,694,PSYGX,26.55,USA
695,695,JMCVX,24.76,USA
696,696,SSHVX,23.55,USA
697,697,TIBCX,22.31,USA
698,698,ICAWA.AS,29.27,Netherlands
699,699,MXSNX,23.44,USA
700,700,THDCX,24.77,USA
701,701,EKWDX,33.66,USA
702,702,SHSAX,26.16,USA
703,703,MLPSX,26.29,USA
704,704,IBGIX,23.73,USA
705,705,VGEAX,19.92,USA
706,706,S3749.MC,22.17,Spain
707,707,JMUEX,21.79,USA
708,708,BABDX,21.33,USA
709,709,FIOFX,23.14,USA
710,710,NGISX,22.05,USA
711,711,VASVX,25.48,USA
712,712,PSCIX,26.56,USA
713,713,THGCX,21.75,USA
714,714,HBLRX,25.26,USA
715,715,NDIGV.CO,21.17,Denmark
716,716,ICDBX,25.81,USA
717,717,GGCIX,19.48,USA
718,718,HIALX,22.34,USA
719,719,GQEFX,20.81,USA
720,720,PRILX,20.02,USA
721,721,IJEAX,23.7,USA
722,722,HWSCX,28.49,USA
723,723,MXMIX,22.42,USA
724,724,HBLCX,25.26,USA
725,725,SLVAX,24.72,USA
726,726,ARTQX,22.83,USA
727,727,JATAX,18.65,USA
728,728,JISGX,27.68,USA
729,729,HLMIX,21.99,USA
730,730,TTFIX,22.95,Sweden
731,731,JORNX,22.77,USA
732,732,VALMX16B0FI.MX,34.59,Mexico
733,733,FSDCX,18.39,USA
734,734,SVSCX,28.26,USA
735,735,LCBIX,27.74,USA
736,736,JFNCX,27.58,USA
737,737,RRRRX,16.9,USA
738,738,PGOAX,27.95,USA
739,739,CRRYX,29.73,USA
740,740,MIGKX,20.08,USA
741,741,OEPSX,28.93,USA
742,742,AMCPX,22.86,USA
743,743,590103.BO,26.96,
744,744,IRSEX,15.6,USA
745,745,PPTAX,22.93,USA
746,746,VEIEX,27.17,USA
747,747,JHVIX,23.94,USA
748,748,DHTYX,26.78,USA
749,749,BCIFX,18.42,USA
750,750,MI97.SW,33.59,
751,751,INDZX,23.28,USA
752,752,WFGDX,29.41,USA
753,753,FICDX,20.49,USA
754,754,MEIIX,23.87,USA
755,755,AZEMX,24.98,USA
756,756,VVISX,21.5,USA
757,757,VSIEX,19.79,USA
758,758,EHSTX,24.49,USA
759,759,PRPZX,31.16,USA
760,760,FTTWX,24.13,USA
761,761,DFEOX,23.39,USA
762,762,VICAX,24.51,USA
763,763,JHQAX,21.59,USA
764,764,ICPAX,33.86,USA
765,765,FRSSX,16.07,USA
766,766,MGGIX,21.42,USA
767,767,TSWEX,23.54,USA
768,768,SASWX,29.47,USA
769,769,GABSX,28.52,USA
770,770,HSBC-RVBFA.MX,27.37,Mexico
771,771,FRRSX,15.75,USA
772,772,ALVSX,24.34,USA
773,773,FINAX,24.58,USA
774,774,CMGVX,22.5,USA
775,775,QIVCX,21.12,USA
776,776,CGCIX,23.8,USA
777,777,SMCWX,26.16,USA
778,778,OVERX,25.5,USA
779,779,VCCAX,20.85,USA
780,780,FDSVX,23.02,USA
781,781,FSBBX,24.19,USA
782,782,RFNFX,23.39,USA
783,783,VLMXP45B1NC.MX,24.86,Mexico
784,784,JLKMX,24.05,USA
785,785,ALSRX,24.83,USA
786,786,BTIEX,22.05,USA
787,787,BGSRX,21.72,USA
788,788,RSPKX,28.69,USA
789,789,RWMEX,23.2,USA
790,790,TIEUX,22.76,USA
791,791,RGCIX,23.28,USA
792,792,PCONX,25.54,USA
793,793,DGIFX,24.05,USA
794,794,LZOEX,25.92,USA
795,795,TRAOX,23.91,USA
796,796,IMOWX,23.38,USA
797,797,VFWPX,23.86,USA
798,798,FSSRX,29.56,USA
799,799,INSTV.AS,19.7,Netherlands
800,800,FLGEX,21.2,USA
801,801,FDLSX,22.99,USA
802,802,JLJIX,23.78,USA
803,803,SISAX,23.36,USA
804,804,RDCEX,21.76,USA
805,805,OILVX,23.8,USA
806,806,AFVPX,23.09,USA
807,807,BRPJX,23.67,USA
808,808,VDIGX,21.53,USA
809,809,GSATX,28.93,USA
810,810,PJIQX,20.4,USA
811,811,PFLJX,22.97,USA
812,812,LEVIX,20.51,USA
813,813,MGLAX,16.27,USA
814,814,AZSPX,27.91,USA
815,815,S3102.MC,21.25,Spain
816,816,RERGX,24.1,USA
817,817,SNXFX,22.31,USA
818,818,PVEYX,27.78,USA
819,819,UMBMX,24.94,USA
820,820,RYSEX,27.06,USA
821,821,S3636.MC,21.71,Spain
822,822,MGOAX,23.58,USA
823,823,JRLIX,24.03,USA
824,824,ACMVX,24.68,USA
825,825,ETIHX,35.74,USA
826,826,FFFGX,23.39,USA
827,827,LCCIX,30.0,USA
828,828,ISRAX,23.07,USA
829,829,VVPLX,24.69,USA
830,830,HWGIX,24.36,USA
831,831,HHQAX,22.19,USA
832,832,RFITX,23.36,USA
833,833,IPARX,24.31,USA
834,834,BGLIX,25.42,USA
835,835,JIFDX,25.33,USA
836,836,BLPAX,23.66,USA
837,837,HAVLX,25.45,USA
838,838,WESIX,26.56,USA
839,839,JVMAX,24.69,USA
840,840,TMCTX,24.64,USA
841,841,PREIX,22.05,USA
842,842,PINDX,19.97,USA
843,843,JIFTX,25.33,USA
844,844,EBMTX,20.97,USA
845,845,IEOPX,21.43,USA
846,846,SBPYX,26.57,Sweden
847,847,RMFCX,22.63,USA
848,848,PNRZX,35.14,USA
849,849,USGLX,20.58,USA
850,850,IMANX,19.96,USA
851,851,ETNHX,35.74,USA
852,852,COGMX,23.39,USA
853,853,MAMAX,22.9,USA
854,854,ISESX,23.44,USA
855,855,EATRX,23.33,USA
856,856,VSIAX,26.85,USA
857,857,PSCZX,27.95,USA
858,858,IJMAX,23.68,USA
859,859,ENPIX,33.91,USA
860,860,VICEX,24.51,USA
861,861,IBNAX,22.29,USA
862,862,CSIRX,21.31,USA
863,863,PRVBX,29.45,USA
864,864,BCREX,16.01,USA
865,865,RPMGX,24.34,USA
866,866,NSRIX,20.32,USA
867,867,ZCAD.SW,23.27,
868,868,FRUAX,31.49,USA
869,869,RPFRX,15.59,USA
870,870,FZANX,21.93,USA
871,871,SFSLX,26.86,USA
872,872,WMICX,29.65,USA
873,873,NOSGX,28.27,USA
874,874,TRREX,16.09,USA
875,875,AFPIX,26.35,USA
876,876,SWHGX,23.51,Sweden
877,877,RFNBX,23.39,USA
878,878,NYVTX,22.56,USA
879,879,EGLBX,19.6,USA
880,880,PAMCX,24.34,USA
881,881,PRLAX,25.61,USA
882,882,JLKAX,23.77,USA
883,883,FDTGX,24.76,USA
884,884,VSFIX,29.83,USA
885,885,WESCX,27.44,USA
886,886,DPWRX,20.69,USA
887,887,MBEAX,21.83,USA
888,888,TVIMX,22.17,USA
889,889,FMFEX,27.33,USA
890,890,HICGX,23.72,USA
891,891,CVGRX,22.17,USA
892,892,FSCAX,28.7,USA
893,893,FDFAX,24.76,USA
894,894,NPSAX,26.88,USA
895,895,RBCTX,23.8,USA
896,896,FSLCX,24.12,USA
897,897,NMAEX,22.04,USA
898,898,LIDCX,23.65,USA
899,899,MRIBX,21.37,USA
900,900,TEMTX,24.09,USA
901,901,JAMRX,21.05,USA
902,902,NWGYX,24.26,USA
903,903,FRVFX,29.21,USA
904,904,NDMSX,24.1,USA
905,905,QAGIX,21.59,USA
906,906,FSMCX,26.2,USA
907,907,GATEX,22.08,USA
908,908,CSSPX,15.19,USA
909,909,CMUAX,24.69,USA
910,910,GAXCX,22.51,USA
911,911,LAMRX,20.88,USA
912,912,FSPTX,19.29,USA
913,913,PRITX,23.15,USA
914,914,MINAX,21.65,USA
915,915,XP6I.SG,20.71,Germany
916,916,RYECX,35.21,USA
917,917,ARTIX,21.41,USA
918,918,S3741.MC,22.61,Spain
919,919,BVEFX,23.7,USA
920,920,ODINX,27.83,USA
921,921,IRGTX,15.86,USA
922,922,VWNDX,24.28,USA
923,923,BX+CAPA.MX,29.51,Mexico
924,924,OMGCX,22.84,USA
925,925,RESCX,24.41,USA
926,926,WECDX,20.81,USA
927,927,OXM0.SG,20.13,Germany
928,928,USBOX,20.9,USA
929,929,WIESX,24.52,USA
930,930,JAOSX,22.61,USA
931,931,MVCAX,24.57,USA
932,932,AEDAX,21.49,USA
933,933,CCCTX,23.8,USA
934,934,BIAUX,28.01,USA
935,935,CLSAX,25.32,USA
936,936,VAPAX,21.01,USA
937,937,GRGRX,22.71,USA
938,938,FKRCX,37.8,USA
939,939,TMMAX,22.97,USA
940,940,JLGRX,21.61,USA
941,941,FGCKX,22.32,USA
942,942,PQNAX,23.55,USA
943,943,IVRSX,16.29,USA
944,944,FPJAX,23.96,USA
945,945,EDIAX,23.95,USA
946,946,SNEMX,26.89,USA
947,947,GCIAX,21.35,USA
948,948,ERSTX,24.49,USA
949,949,STHRX,24.43,USA
950,950,EQTKX,22.76,USA
951,951,QUAKX,28.78,USA
952,952,FIGFX,18.91,USA
953,953,EIREX,15.9,USA
954,954,JIMSX,23.71,USA
955,955,OIEAX,21.62,USA
956,956,MSGIX,28.68,USA
957,957,FNCMX,22.14,USA
958,958,VMNIX,24.92,USA
959,959,CSAZX,23.27,USA
960,960,EMBIX,26.57,USA
961,961,JBATX,22.92,USA
962,962,WFOPX,22.28,USA
963,963,COVAX,29.73,USA
964,964,LCEYX,25.13,USA
965,965,PYSAX,27.86,USA
966,966,JRVOX,23.19,USA
967,967,AGSCX,24.69,USA
968,968,HGHAX,27.92,USA
969,969,S2967.MC,22.97,Spain
970,970,EKGAX,24.63,USA
971,971,EKJCX,22.01,USA
972,972,OVEAX,25.5,USA
973,973,PSBJX,28.59,USA
974,974,CWGFX,22.7,USA
975,975,CNPEX,23.09,USA
976,976,NVXIX,23.25,USA
977,977,RLCAX,23.17,USA
978,978,THPGX,23.36,USA
979,979,BOYAX,20.63,USA
980,980,TDMTX,25.78,USA
981,981,BBVANDQUHN.MX,20.13,Mexico
982,982,WCGNX,23.38,USA
983,983,YAFFX,22.51,USA
984,984,PAFGX,24.42,USA
985,985,+TASAD1F1.MX,23.44,Mexico
986,986,FRESX,15.98,USA
987,987,MDIHX,21.92,USA
988,988,MRGKX,22.37,USA
989,989,AGGYX,22.51,USA
990,990,VMGIX,22.83,USA
991,991,S2248.MC,23.96,Spain
992,992,FBIOX,31.61,USA
993,993,PFIGX,23.93,USA
994,994,TEPSX,18.81,USA
995,995,VSCAX,27.87,USA
996,996,RIMHX,23.68,USA
997,997,LISOX,21.42,USA
998,998,NEFFX,22.69,USA
999,999,NBQAX,22.55,USA
1000,1000,CAEZX,23.09,USA
1001,1001,TRRHX,23.81,USA
1002,1002,TORCX,29.3,USA
1003,1003,JLHFX,24.18,USA
1004,1004,WSHCX,23.2,USA
1005,1005,SCAUX,22.64,USA
1006,1006,PEXMX,26.13,USA
1007,1007,SVACX,25.13,USA
1008,1008,REPIX,15.77,USA
1009,1009,FSESX,28.92,USA
1010,1010,DVFIX,26.36,USA
1011,1011,TCVYX,26.21,USA
1012,1012,FZACX,22.78,USA
1013,1013,LCEFX,25.13,USA
1014,1014,RSGCX,22.49,USA
1015,1015,AHSAX,28.45,USA
1016,1016,PTWCX,22.0,USA
1017,1017,PMFMX,25.24,USA
1018,1018,KORAF.AS,19.77,Netherlands
1019,1019,LEGAX,20.81,USA
1020,1020,RYCIX,25.5,USA
1021,1021,RLTSX,22.25,USA
1022,1022,WEHIX,23.59,USA
1023,1023,STCAX,20.36,USA
1024,1024,VINEX,23.83,USA
1025,1025,VISGX,25.82,USA
1026,1026,MGRBX,20.26,USA
1027,1027,JHACX,21.02,USA
1028,1028,IRSNX,23.23,USA
1029,1029,LSRCX,28.02,USA
1030,1030,CLSYX,21.93,USA
1031,1031,VWILX,21.91,USA
1032,1032,JRSSX,23.53,USA
1033,1033,PXRIX,15.1,USA
1034,1034,MRLRX,21.05,USA
1035,1035,IBVYX,24.12,USA
1036,1036,VNVYX,26.0,USA
1037,1037,ABSYX,28.39,USA
1038,1038,VSGIX,25.82,USA
1039,1039,CAGEX,23.13,USA
1040,1040,WFPCX,24.5,USA
1041,1041,RWICX,22.7,USA
1042,1042,QUASX,28.78,USA
1043,1043,WFGWX,23.55,USA
1044,1044,CPOCX,23.99,USA
1045,1045,PRRAX,16.3,USA
1046,1046,RBFTX,23.56,USA
1047,1047,MSSMX,23.49,USA
1048,1048,BQLCX,25.05,USA
1049,1049,RIFYX,26.36,USA
1050,1050,TWEBX,24.21,USA
1051,1051,VWNAX,23.33,USA
1052,1052,LCTIX,36.13,USA
1053,1053,NNGAX,22.12,USA
1054,1054,HUSEX,31.21,USA
1055,1055,MFBFX,23.25,USA
1056,1056,ASQAX,28.37,USA
1057,1057,PJDZX,21.9,USA
1058,1058,ARTJX,25.37,USA
1059,1059,JLIAX,23.78,USA
1060,1060,DFTPX,28.12,USA
1061,1061,FCBFX,25.49,USA
1062,1062,UBVLX,27.25,USA
1063,1063,CCCIX,32.5,USA
1064,1064,JGMCX,27.02,USA
1065,1065,MNDFX,23.54,USA
1066,1066,IMSIX,26.27,USA
1067,1067,BREIX,21.93,USA
1068,1068,WGFIX,20.33,USA
1069,1069,LPEIX,24.54,USA
1070,1070,FVDFX,23.04,USA
1071,1071,VADAX,23.01,USA
1072,1072,MDIKX,21.92,USA
1073,1073,PAFDX,25.73,USA
1074,1074,BDSRX,23.0,USA
1075,1075,FASRX,25.09,USA
1076,1076,ISOPX,27.62,USA
1077,1077,AMPCX,22.86,USA
1078,1078,VSCPX,26.39,USA
1079,1079,DODFX,25.31,USA
1080,1080,REAAX,23.93,USA
1081,1081,PTWZX,22.0,USA
1082,1082,INUTX,24.25,USA
1083,1083,RSGTX,22.49,USA
1084,1084,JCVVX,25.64,USA
1085,1085,DFREX,15.84,USA
1086,1086,KDHSX,23.28,USA
1087,1087,PNRAX,22.39,USA
1088,1088,PNECX,23.09,USA
1089,1089,MLPOX,36.51,USA
1090,1090,RYPNX,29.81,USA
1091,1091,LMLSX,22.1,USA
1092,1092,JYIOBAK.CO,20.81,Denmark
1093,1093,HARSX,22.3,USA
1094,1094,HCYIX,23.69,USA
1095,1095,FOCIX,29.84,USA
1096,1096,SBVLX,27.74,USA
1097,1097,GTLOX,20.62,USA
1098,1098,LMIRX,23.04,USA
1099,1099,MGQIX,19.83,USA
1100,1100,IRESX,16.14,USA
1101,1101,DRSVX,27.93,USA
1102,1102,AGRDX,20.16,USA
1103,1103,FGITX,24.16,USA
1104,1104,GOPAX,28.96,USA
1105,1105,NSBRX,20.83,USA
1106,1106,GSGSX,22.71,USA
1107,1107,VMGMX,22.83,USA
1108,1108,AGGIX,22.03,USA
1109,1109,PPVIX,27.71,USA
1110,1110,BMCRX,19.75,USA
1111,1111,PTBMX,23.5,Sweden
1112,1112,S3723.MC,23.75,Spain
1113,1113,MFQAX,22.06,USA
1114,1114,RSMYX,30.6,USA
1115,1115,LCBEX,22.01,USA
1116,1116,H2ZV.SG,22.21,Germany
1117,1117,IEDIX,24.29,USA
1118,1118,DROIX,25.61,USA
1119,1119,PCVRX,25.54,USA
1120,1120,KGGAX,33.58,USA
1121,1121,HIIGX,21.29,USA
1122,1122,TWQCX,23.15,USA
1123,1123,FHCIX,26.88,USA
1124,1124,VALUEF1A.MX,30.32,Mexico
1125,1125,VQNPX,21.57,USA
1126,1126,CHDVX,23.44,USA
1127,1127,JGYIX,22.95,USA
1128,1128,FSRBX,27.94,USA
1129,1129,FAMVX,22.51,USA
1130,1130,PGLRX,22.48,USA
1131,1131,PDRYX,22.19,USA
1132,1132,BIEMX,25.17,USA
1133,1133,S0104.MC,22.84,Spain
1134,1134,EVSEX,24.95,USA
1135,1135,WEECX,23.73,USA
1136,1136,ALSIX,24.28,USA
1137,1137,VINIX,22.04,USA
1138,1138,S1704.MC,20.49,Spain
1139,1139,JERAX,17.35,USA
1140,1140,TRRMX,23.31,USA
1141,1141,IVGSX,24.78,USA
1142,1142,TEGIX,22.85,USA
1143,1143,MMACX,22.9,USA
1144,1144,RFIDX,21.85,USA
1145,1145,JEPSX,21.72,USA
1146,1146,FFNOX,22.71,USA
1147,1147,FEQTX,24.4,USA
1148,1148,XDNIX,24.07,USA
1149,1149,JILGX,24.23,USA
1150,1150,SUWAX,22.02,USA
1151,1151,CPXIX,25.92,USA
1152,1152,NBMIX,28.28,USA
1153,1153,WFILX,22.05,USA
1154,1154,JNVIX,20.36,USA
1155,1155,GGPCX,23.47,USA
1156,1156,STFRX,24.52,USA
1157,1157,MIMFX,29.6,USA
1158,1158,OARDX,19.79,USA
1159,1159,RSDFX,24.25,USA
1160,1160,BMCIX,25.42,USA
1161,1161,ARIIX,16.68,USA
1162,1162,PRHSX,27.37,USA
1163,1163,RPXIX,22.19,USA
1164,1164,OIDYX,22.08,USA
1165,1165,EPIVX,26.21,USA
1166,1166,CEMVX,26.68,USA
1167,1167,JRINX,23.13,USA
1168,1168,PEQZX,24.45,USA
1169,1169,NBFCX,18.7,USA
1170,1170,VTMSX,28.03,USA
1171,1171,HRLYX,28.31,USA
1172,1172,ACSTX,26.27,USA
1173,1173,WWWEX,18.81,USA
1174,1174,NEAMX,20.99,USA
1175,1175,MNDJX,25.22,USA
1176,1176,CDCRX,22.47,USA
1177,1177,JIERX,19.79,USA
1178,1178,MGILX,24.88,USA
1179,1179,OCSGX,27.72,USA
1180,1180,MCHFX,26.07,USA
1181,1181,PVSAX,27.69,USA
1182,1182,TCOIX,23.09,Sweden
1183,1183,RYTIX,19.18,USA
1184,1184,WBIGX,20.89,USA
1185,1185,DHPIX,25.85,USA
1186,1186,FSRFX,22.78,USA
1187,1187,PMYRX,22.64,USA
1188,1188,NBGIX,23.3,USA
1189,1189,RGWCX,21.05,USA
1190,1190,FRSGX,23.82,USA
1191,1191,IMLPX,34.49,USA
1192,1192,ANEFX,22.69,USA
1193,1193,JOBBX,23.08,USA
1194,1194,S3888.MC,25.31,Spain
1195,1195,WSMNX,25.66,USA
1196,1196,WFENX,24.42,USA
1197,1197,BPSEU.AS,12.98,Netherlands
1198,1198,SBMAX,21.78,USA
1199,1199,ISTIX,21.75,USA
1200,1200,GAOCX,23.54,USA
1201,1201,IBNYX,22.29,USA
1202,1202,WSBFX,20.88,USA
1203,1203,PRIDX,24.2,USA
1204,1204,TESGX,23.29,USA
1205,1205,DHLTX,26.78,USA
1206,1206,DVRBX,22.37,USA
1207,1207,TCZPX,23.09,USA
1208,1208,GIZYX,23.41,USA
1209,1209,TAREX,18.13,USA
1210,1210,JLMOX,24.05,USA
1211,1211,MCVCX,25.53,USA
1212,1212,GREIX,15.5,Sweden
1213,1213,APPLX,24.69,USA
1214,1214,DFFVX,28.12,USA
1215,1215,IBALX,22.19,USA
1216,1216,RYESX,29.14,USA
1217,1217,LEQCX,25.29,USA
1218,1218,PFSZX,23.81,USA
1219,1219,IEDRX,24.29,USA
1220,1220,PGRNX,20.09,USA
1221,1221,GREAX,15.5,Sweden
1222,1222,MIGFX,20.08,USA
1223,1223,FSCSX,17.11,USA
1224,1224,VAFRX,21.68,USA
1225,1225,PDPCX,22.51,Sweden
1226,1226,TIMVX,25.11,USA
1227,1227,TRRPX,16.27,USA
1228,1228,RGAFX,23.63,USA
1229,1229,EXEYX,23.06,Sweden
1230,1230,RTLCX,21.47,USA
1231,1231,PGTAX,19.76,USA
1232,1232,FDTRX,22.28,USA
1233,1233,RLGYX,23.07,USA
1234,1234,STCIX,20.36,USA
1235,1235,TEFQX,24.25,USA
1236,1236,RRMVX,26.55,USA
1237,1237,S0587.MC,23.23,Spain
1238,1238,WBEIX,25.17,USA
1239,1239,BGSAX,21.72,USA
1240,1240,RRCOX,22.7,USA
1241,1241,FSCTX,26.06,USA
1242,1242,AMGIX,22.75,USA
1243,1243,MMTSX,22.81,USA
1244,1244,DVEAX,22.29,USA
1245,1245,PWJZX,20.8,USA
1246,1246,EVSYX,22.0,USA
1247,1247,CWGIX,22.7,USA
1248,1248,VPACX,25.15,USA
1249,1249,EQNVX,22.85,USA
1250,1250,FSSAX,29.56,USA
1251,1251,AIZCX,21.53,USA
1252,1252,SHCDX,35.1,Sweden
1253,1253,HEMAX,24.17,USA
1254,1254,LAVPX,23.97,USA
1255,1255,SLMCX,20.8,USA
1256,1256,PRSVX,28.88,USA
1257,1257,XQ1C.SG,25.9,Germany
1258,1258,LADRX,28.79,USA
1259,1259,ABCVX,20.8,USA
1260,1260,CSCZX,29.18,USA
1261,1261,TRGRX,16.54,USA
1262,1262,HEQCX,22.86,USA
1263,1263,QCLGX,20.32,USA
1264,1264,BEGRX,21.03,USA
1265,1265,GSXAX,28.16,USA
1266,1266,TILDX,23.54,USA
1267,1267,GSMCX,24.93,Sweden
1268,1268,RYKIX,26.62,USA
1269,1269,RYENX,35.21,USA
1270,1270,CIMCX,24.39,USA
1271,1271,PSBPX,28.59,Sweden
1272,1272,AREMX,22.83,USA
1273,1273,SGFFX,27.43,USA
1274,1274,BMPSX,25.91,USA
1275,1275,536960.BO,31.83,
1276,1276,JFFCX,22.26,USA
1277,1277,FSAIX,30.22,USA
1278,1278,JVTAX,27.22,USA
1279,1279,XU8L.SW,32.48,
1280,1280,BIGRX,22.75,USA
1281,1281,ASQIX,28.37,USA
1282,1282,SWOF.SW,23.9,
1283,1283,TCMGX,22.8,USA
1284,1284,CQURX,20.84,USA
1285,1285,FTFEX,23.91,USA
1286,1286,FLPSX,21.88,USA
1287,1287,UQ2C.SG,20.96,Germany
1288,1288,LMOFX,25.62,USA
1289,1289,EREMX,29.87,USA
1290,1290,WMCVX,27.52,USA
1291,1291,FLCGX,25.17,USA
1292,1292,CREEX,16.53,USA
1293,1293,THVRX,21.75,USA
1294,1294,TCPIX,20.23,USA
1295,1295,FGIOX,24.16,USA
1296,1296,RYAMX,23.62,USA
1297,1297,TETIX,26.9,USA
1298,1298,SEEGX,21.61,USA
1299,1299,FSGFX,21.87,USA
1300,1300,ONGFX,22.91,USA
1301,1301,MDFSX,23.54,USA
1302,1302,CAACX,22.52,USA
1303,1303,FCNTX,21.59,USA
1304,1304,FIVLX,23.7,USA
1305,1305,LMORX,25.62,USA
1306,1306,JLFOX,24.13,USA
1307,1307,HCMGX,20.86,USA
1308,1308,MCLVX,22.64,USA
1309,1309,FDIGX,24.76,USA
1310,1310,VARIX,22.15,USA
1311,1311,PARMX,21.48,USA
1312,1312,WESNX,28.72,USA
1313,1313,DSFRX,20.44,USA
1314,1314,GFACX,23.63,USA
1315,1315,VHCAX,23.27,USA
1316,1316,ISCIX,21.68,USA
1317,1317,FSTKX,22.94,USA
1318,1318,OGBCX,23.16,USA
1319,1319,GPROX,24.54,USA
1320,1320,FBFTX,23.56,USA
1321,1321,MRSPX,21.41,USA
1322,1322,NESGX,26.79,USA
1323,1323,SCWCX,26.16,USA
1324,1324,ABWCX,22.86,USA
1325,1325,TAGRX,22.81,USA
1326,1326,GSFTX,22.27,USA
1327,1327,NEFJX,25.49,USA
1328,1328,RVVRX,25.37,USA
1329,1329,HEQFX,22.86,USA
1330,1330,ALPAX,24.34,USA
1331,1331,HUDEX,27.01,USA
1332,1332,FCECX,20.93,USA
1333,1333,LCCAX,22.07,USA
1334,1334,SICNX,22.02,USA
1335,1335,JGYAX,22.95,USA
1336,1336,GGHCX,26.98,USA
1337,1337,PPQSX,22.2,Sweden
1338,1338,SSDIX,28.12,USA
1339,1339,GMVIX,26.38,USA
1340,1340,ISZTX,23.99,USA
1341,1341,AAGTX,23.59,USA
1342,1342,GSYIX,26.01,USA
1343,1343,ICDYX,25.81,USA
1344,1344,CGOLX,21.93,USA
1345,1345,PABFX,24.17,USA
1346,1346,TGCIX,26.85,USA
1347,1347,OBCHX,28.15,USA
1348,1348,GTSYX,26.58,USA
1349,1349,EISMX,23.41,USA
1350,1350,ACECX,25.07,USA
1351,1351,QUAGX,21.59,USA
1352,1352,NWWIX,24.1,USA
1353,1353,COGIX,23.39,USA
1354,1354,TRWCX,22.82,USA
1355,1355,VGHAX,26.36,USA
1356,1356,KLGAX,20.41,USA
1357,1357,AUIAX,21.71,USA
1358,1358,WSGBX,26.9,USA
1359,1359,JNBCX,24.99,USA
1360,1360,CICAX,23.49,USA
1361,1361,FMIJX,21.87,USA
1362,1362,UCAGX,23.66,USA
1363,1363,AVEDX,20.76,USA
1364,1364,PGWCX,21.22,USA
1365,1365,NMCIX,23.38,USA
1366,1366,RNGCX,22.69,USA
1367,1367,KWINX,25.04,USA
1368,1368,NLSIX,23.09,USA
1369,1369,37E.BE,28.63,Germany
1370,1370,JVLCX,23.43,USA
1371,1371,FFFZX,23.58,USA
1372,1372,PWREX,17.56,USA
1373,1373,ORIKX,27.35,USA
1374,1374,FMCSX,25.66,USA
1375,1375,GTDDX,25.06,USA
1376,1376,GGEZX,20.97,USA
1377,1377,ODMAX,23.3,USA
1378,1378,HBASX,23.65,USA
1379,1379,PMEGX,24.34,USA
1380,1380,FACEX,20.76,USA
1381,1381,FLCCX,24.52,USA
1382,1382,GONBX,20.7,USA
1383,1383,LPHCX,23.78,USA
1384,1384,WOOPX,23.88,USA
1385,1385,ROFIX,29.81,USA
1386,1386,TEMUX,25.91,USA
1387,1387,PVSYX,27.69,USA
1388,1388,DSCGX,26.12,USA
1389,1389,ABINX,22.19,USA
1390,1390,PASSX,28.53,USA
1391,1391,TSLCX,26.5,USA
1392,1392,WFSDX,25.98,USA
1393,1393,CGFCX,23.63,USA
1394,1394,FTDZX,30.1,USA
1395,1395,JHEIX,25.73,USA
1396,1396,PASYX,22.29,USA
1397,1397,ILLLX,24.13,USA
1398,1398,WTRCX,21.46,USA
1399,1399,IILGX,22.32,USA
1400,1400,WSMVX,29.46,USA
1401,1401,HFCSX,21.11,USA
1402,1402,FFTWX,24.0,USA
1403,1403,POVBX,20.67,USA
1404,1404,MIPTX,24.97,USA
1405,1405,TMFSX,25.4,USA
1406,1406,JRASX,21.05,USA
1407,1407,NMIMX,22.03,USA
1408,1408,NNLEX,24.2,USA
1409,1409,LVOCX,25.7,USA
1410,1410,AAETX,23.55,USA
1411,1411,PTWAX,22.0,USA
1412,1412,SEQUX,21.09,USA
1413,1413,AUIZX,21.71,USA
1414,1414,PACYX,23.06,USA
1415,1415,VFIFX,23.32,USA
1416,1416,PRASX,23.99,USA
1417,1417,USIFX,23.76,USA
1418,1418,MXEQX,24.65,USA
1419,1419,GRMIX,22.05,USA
1420,1420,GIGSX,23.0,USA
1421,1421,HFQAX,22.93,USA
1422,1422,PRACX,22.39,USA
1423,1423,FZAJX,18.91,USA
1424,1424,ACAAX,21.17,USA
1425,1425,ZJPA.SW,24.58,
1426,1426,HLEMX,23.33,USA
1427,1427,MNBRX,24.03,USA
1428,1428,ADGZX,21.23,USA
1429,1429,WSCYX,26.9,USA
1430,1430,CADVX,22.15,USA
1431,1431,WSHFX,23.2,USA
1432,1432,IENAX,34.42,USA
1433,1433,ANWPX,23.09,USA
1434,1434,BACAX,33.61,USA
1435,1435,ICDAX,25.81,USA
1436,1436,MTOKX,24.06,USA
1437,1437,IMNCX,22.07,USA
1438,1438,JLVIX,22.81,USA
1439,1439,PIREX,16.3,USA
1440,1440,GEMRX,24.49,USA
1441,1441,PRINLS3MC.MX,24.93,Mexico
1442,1442,LVOQX,25.7,USA
1443,1443,PJIZX,24.04,USA
1444,1444,FCPCX,20.14,USA
1445,1445,ICHKX,28.18,USA
1446,1446,ODIYX,27.83,USA
1447,1447,SMDLX,25.05,USA
1448,1448,DGOCX,20.78,USA
1449,1449,TLHRX,23.03,USA
1450,1450,ACLWX,22.1,USA
1451,1451,DPLGX,20.29,USA
1452,1452,RIQKX,24.33,USA
1453,1453,BERIX,24.8,USA
1454,1454,PJNQX,35.14,USA
1455,1455,LIMIX,22.27,USA
1456,1456,POSAX,15.37,Sweden
1457,1457,USEMX,26.75,USA
1458,1458,HOVLX,23.26,USA
1459,1459,JEMWX,23.73,USA
1460,1460,DHPYX,25.85,USA
1461,1461,DTMMX,23.86,USA
1462,1462,WPASX,20.1,USA
1463,1463,REFTX,23.56,USA
1464,1464,ITRAX,24.16,USA
1465,1465,JAGLX,27.58,USA
1466,1466,ISZSX,23.99,USA
1467,1467,STFGX,24.21,USA
1468,1468,PJEAX,16.94,USA
1469,1469,VMVAX,23.54,USA
1470,1470,SGOIX,23.5,USA
1471,1471,SSVCX,29.11,USA
1472,1472,LCRNX,27.75,USA
1473,1473,MDFGX,20.19,USA
1474,1474,FKINX,27.6,USA
1475,1475,THBIX,30.1,USA
1476,1476,IGFSX,19.95,USA
1477,1477,RYVLX,20.82,USA
1478,1478,BSCVX,27.24,USA
1479,1479,JRTFX,23.68,USA
1480,1480,HWAAX,25.06,USA
1481,1481,UOPIX,21.71,USA
1482,1482,PACAX,23.06,USA
1483,1483,SVAAX,25.13,USA
1484,1484,OEGYX,22.71,USA
1485,1485,IRSLX,23.43,USA
1486,1486,ONGAX,22.7,USA
1487,1487,NAWGX,22.66,USA
1488,1488,MGIAX,20.76,USA
1489,1489,KSOAX,24.49,USA
1490,1490,JGMIX,27.02,USA
1491,1491,ASRYX,16.39,USA
1492,1492,AIOPX,24.13,USA
1493,1493,DFTCX,23.5,USA
1494,1494,FBTAX,30.56,USA
1495,1495,FGNCX,22.62,USA
1496,1496,OSMYX,23.27,USA
1497,1497,JRIPX,23.13,USA
1498,1498,MLTJX,23.07,USA
1499,1499,HBATX,23.65,USA
1500,1500,PPISX,22.66,Sweden
1501,1501,LSCNX,27.92,USA
1502,1502,BMGGX,21.86,USA
1503,1503,IVIFX,22.89,USA
1504,1504,GSBIX,24.99,USA
1505,1505,QABGX,23.12,USA
1506,1506,GLNJX,21.73,USA
1507,1507,ICISX,29.73,USA
1508,1508,QKBGX,23.12,USA
1509,1509,FAMFX,24.73,USA
1510,1510,MVGJX,21.48,USA
1511,1511,SGOVX,23.5,USA
1512,1512,NBGPX,23.44,USA
1513,1513,WASCX,23.82,USA
1514,1514,QTIRX,21.57,USA
1515,1515,DVFYX,24.51,USA
1516,1516,BLAFX,24.71,USA
1517,1517,FINVX,23.7,USA
1518,1518,PDSIX,22.03,USA
1519,1519,JVTSX,27.22,USA
1520,1520,ACVDX,22.38,USA
1521,1521,FJPNX,23.96,USA
1522,1522,KSCOX,24.49,USA
1523,1523,VCINX,19.66,USA
1524,1524,S1602.MC,22.47,Spain
1525,1525,NDVVX,27.75,USA
1526,1526,JAWWX,22.33,USA
1527,1527,PRINRVAMC.MX,27.31,Mexico
1528,1528,AAANX,24.01,USA
1529,1529,LLINX,24.97,USA
1530,1530,KMKNX,17.37,USA
1531,1531,FFFFX,23.39,USA
1532,1532,TMUIX,22.07,USA
1533,1533,IRMGX,22.58,USA
1534,1534,PORYX,23.6,USA
1535,1535,AAISX,22.7,USA
1536,1536,AEMGX,26.3,USA
1537,1537,TEQSX,26.85,USA
1538,1538,FISGX,23.77,USA
1539,1539,NFAAX,18.7,USA
1540,1540,FKARX,21.5,USA
1541,1541,ARCMX,23.25,USA
1542,1542,SURPLUSBOE3.MX,27.58,Mexico
1543,1543,537483.BO,27.37,
1544,1544,QTMRX,21.69,USA
1545,1545,AQEAX,21.76,USA
1546,1546,S1495.MC,23.75,Spain
1547,1547,VALMXVLB0.MX,24.8,Mexico
1548,1548,TSAIX,22.83,USA
1549,1549,CSIEX,19.3,USA
1550,1550,PENNX,26.85,USA
1551,1551,NWHJX,22.86,USA
1552,1552,HMVRX,26.31,USA
1553,1553,QSMRX,28.88,USA
1554,1554,LMVTX,25.07,USA
1555,1555,VFINX,22.05,USA
1556,1556,GRINX,21.7,USA
1557,1557,S3363.MC,21.76,Spain
1558,1558,NEIAX,22.05,USA
1559,1559,VUSIX,22.96,USA
1560,1560,KTRIX,23.53,USA
1561,1561,SLVIX,24.72,USA
1562,1562,VIVAX,24.15,USA
1563,1563,NRIIX,24.51,USA
1564,1564,DPSCX,24.96,USA
1565,1565,NBRRX,25.13,USA
1566,1566,JANIX,27.02,USA
1567,1567,DEQYX,20.59,USA
1568,1568,ASCQX,28.37,USA
1569,1569,BGLSX,24.52,USA
1570,1570,VMSGX,22.81,USA
1571,1571,MLRRX,20.01,USA
1572,1572,FRIFX,20.19,USA
1573,1573,JNGOX,24.85,USA
1574,1574,LMLCX,27.77,USA
1575,1575,PMSSX,25.24,Sweden
1576,1576,PRESX,20.09,USA
1577,1577,DTSVX,29.46,USA
1578,1578,VSCCX,27.78,USA
1579,1579,OIGYX,20.74,USA
1580,1580,LMBCX,28.41,USA
1581,1581,NEJYX,25.49,USA
1582,1582,REMSX,27.51,Sweden
1583,1583,MGGBX,28.34,USA
1584,1584,ACLKX,25.14,USA
1585,1585,CSPFX,26.16,USA
1586,1586,RERCX,24.1,USA
1587,1587,BARIX,21.79,USA
1588,1588,EGOAX,21.7,USA
1589,1589,GABVX,23.73,USA
1590,1590,INPIX,22.03,USA
1591,1591,PLVYX,23.53,USA
1592,1592,VSDIX,21.82,USA
1593,1593,CPHNX,23.44,USA
1594,1594,TMFGX,23.14,USA
1595,1595,PGGAX,23.47,USA
1596,1596,PGRCX,20.69,USA
1597,1597,USAGX,33.31,USA
1598,1598,PEMLX,24.46,USA
1599,1599,BSCAX,31.0,USA
1600,1600,QAACX,21.96,USA
1601,1601,GTMUX,26.38,USA
1602,1602,JGVAX,24.85,USA
1603,1603,DROYX,25.61,USA
1604,1604,JDVPX,23.43,USA
1605,1605,HRAUX,22.3,USA
1606,1606,S2213.MC,26.81,Spain
1607,1607,GESSX,21.34,USA
1608,1608,DFSVX,28.8,USA
1609,1609,GAUCX,31.89,USA
1610,1610,PJGQX,23.13,USA
1611,1611,PCPTX,27.71,USA
1612,1612,QIVNX,21.12,USA
1613,1613,FSAVX,24.21,USA
1614,1614,IENYX,34.42,USA
1615,1615,NQVRX,25.02,USA
1616,1616,MLPTX,37.28,USA
1617,1617,BCSIX,26.54,USA
1618,1618,LIESX,23.04,USA
1619,1619,CLWFX,20.81,USA
1620,1620,XMTA.SG,18.96,Germany
1621,1621,ALZFX,20.82,USA
1622,1622,MYSIX,23.96,USA
1623,1623,PEIOX,23.87,USA
1624,1624,DRTCX,20.82,USA
1625,1625,HDPMX,29.79,USA
1626,1626,JASCX,25.22,USA
1627,1627,JNYAX,22.98,USA
1628,1628,FSCHX,28.05,USA
1629,1629,DWTTX,21.35,USA
1630,1630,SILLX,21.68,USA
1631,1631,PGJZX,25.04,USA
1632,1632,MEGAX,21.83,USA
1633,1633,FJPCX,23.96,USA
1634,1634,RYCPX,25.5,USA
1635,1635,RIQCX,24.33,USA
1636,1636,JVTNX,27.22,USA
1637,1637,RCCTX,23.8,USA
1638,1638,MSRRX,22.34,USA
1639,1639,JYIALV.CO,21.36,Denmark
1640,1640,WYD5.SW,19.92,
1641,1641,RYTAX,19.18,USA
1642,1642,CMLEX,22.63,USA
1643,1643,DODBX,22.92,USA
1644,1644,VMVIX,23.54,USA
1645,1645,ACLTX,20.18,USA
1646,1646,NBGAX,23.3,USA
1647,1647,DEMSX,31.14,USA
1648,1648,WFEFX,24.42,USA
1649,1649,RRTRX,23.46,USA
1650,1650,QUSVX,24.58,USA
1651,1651,HWAIX,25.06,USA
1652,1652,TMFCX,26.21,USA
1653,1653,NTITX,22.54,USA
1654,1654,CCTRX,29.73,USA
1655,1655,ARTRX,21.09,USA
1656,1656,EKGIX,24.63,USA
1657,1657,ERHSX,25.74,USA
1658,1658,NWJFX,20.33,USA
1659,1659,QCIBX,23.23,USA
1660,1660,JNSIX,23.12,USA
1661,1661,SFGIX,24.26,USA
1662,1662,FIDAX,25.01,USA
1663,1663,AUUKX,22.77,USA
1664,1664,HFOIX,22.34,USA
1665,1665,HCKCX,22.95,USA
1666,1666,IVINX,22.01,USA
1667,1667,HIEMX,22.62,USA
1668,1668,GLIPX,23.82,USA
1669,1669,FDMTX,18.34,USA
1670,1670,FASEX,24.97,USA
1671,1671,VIEIX,26.08,USA
1672,1672,LETRX,31.74,USA
1673,1673,QASCX,28.84,USA
1674,1674,TIEIX,22.69,USA
1675,1675,WFSSX,25.98,USA
1676,1676,ESVIX,24.26,USA
1677,1677,EVUDX,27.38,USA
1678,1678,TGDIX,23.98,USA
1679,1679,CEYIX,19.3,USA
1680,1680,MRGCX,22.37,USA
1681,1681,FDVAX,20.2,USA
1682,1682,HNCTX,21.6,USA
1683,1683,PGFIX,21.22,USA
1684,1684,WWNPX,20.59,USA
1685,1685,NPNRX,28.59,USA
1686,1686,HFMDX,24.42,USA
1687,1687,PGROX,20.69,USA
1688,1688,GMXIX,25.23,USA
1689,1689,JDPNX,24.76,USA
1690,1690,VECTINDX+.MX,27.88,Mexico
1691,1691,FDSWX,20.68,Sweden
1692,1692,MVGBX,21.48,USA
1693,1693,WFOOX,24.43,USA
1694,1694,FSBCX,24.19,USA
1695,1695,NWCCX,18.81,USA
1696,1696,OGMCX,38.17,USA
1697,1697,TINGX,20.99,USA
1698,1698,QUSIX,25.65,USA
1699,1699,DREQX,22.09,USA
1700,1700,JGCCX,24.05,USA
1701,1701,VPMAX,22.77,USA
1702,1702,FRBSX,24.52,USA
1703,1703,TGVAX,21.75,USA
1704,1704,NWOAX,23.9,USA
1705,1705,VSOIX,27.69,USA
1706,1706,LRSYX,28.02,USA
1707,1707,JTSSX,22.25,USA
1708,1708,QSERX,27.94,USA
1709,1709,DGIEX,24.25,USA
1710,1710,JDERX,23.13,USA
1711,1711,PRJPX,25.28,USA
1712,1712,RSLBX,26.16,USA
1713,1713,WFHRX,24.28,USA
1714,1714,JMGC.SW,37.37,
1715,1715,JASOX,27.48,USA
1716,1716,OMEAX,25.98,USA
1717,1717,WPOPX,21.91,USA
1718,1718,NSPAX,27.6,USA
1719,1719,FSCDX,26.06,USA
1720,1720,EPSIX,23.07,USA
1721,1721,BLRCX,15.73,USA
1722,1722,GSMSX,24.93,USA
1723,1723,VSGAX,25.82,USA
1724,1724,MINDX,26.04,USA
1725,1725,WCEBX,21.46,USA
1726,1726,HLEIX,22.05,USA
1727,1727,SURGLOBA.MX,21.53,Mexico
1728,1728,NSBCX,20.83,USA
1729,1729,PPQMX,22.2,Sweden
1730,1730,ICEIX,22.89,USA
1731,1731,AGIZX,21.81,USA
1732,1732,MFEGX,20.59,USA
1733,1733,FDEEX,23.39,USA
1734,1734,JWWCX,22.33,USA
1735,1735,JCMAX,23.26,USA
1736,1736,PSGRX,26.55,USA
1737,1737,NBGEX,23.3,USA
1738,1738,JLPZX,21.89,USA
1739,1739,OZWK.SG,37.37,Germany
1740,1740,SSMAX,25.83,USA
1741,1741,MSLVX,22.64,USA
1742,1742,PIPTX,22.93,USA
1743,1743,MMUCX,29.17,USA
1744,1744,FGRTX,24.55,USA
1745,1745,IH58.SW,23.28,
1746,1746,OIEFX,22.92,USA
1747,1747,MIDIX,20.09,Sweden
1748,1748,BBVAE50GB.MX,19.59,Mexico
1749,1749,NWJCX,20.33,USA
1750,1750,GMXRX,25.23,USA
1751,1751,RSIPX,21.76,USA
1752,1752,SURIPCBDE.MX,27.89,Mexico
1753,1753,FNICX,21.93,USA
1754,1754,PAREX,16.09,USA
1755,1755,AVEWX,19.82,USA
1756,1756,LCMRX,21.17,USA
1757,1757,ARSVX,27.21,USA
1758,1758,MABAX,25.01,USA
1759,1759,ISNSX,22.95,USA
1760,1760,HV82.SG,24.66,Germany
1761,1761,HV82.SW,24.66,
1762,1762,XKFDX,27.74,USA
1763,1763,FMEYX,23.77,USA
1764,1764,NRIQX,19.54,USA
1765,1765,S0685.MC,22.93,Spain
1766,1766,PSBVX,23.0,USA
1767,1767,JEMSX,23.73,USA
1768,1768,FTUIX,22.58,USA
1769,1769,ODMCX,23.88,USA
1770,1770,GLVAX,21.17,USA
1771,1771,RAFGX,22.86,USA
1772,1772,LSVEX,22.84,USA
1773,1773,JSMSX,22.84,USA
1774,1774,QTSRX,29.04,USA
1775,1775,WBLJX,22.99,USA
1776,1776,HDIVX,21.49,USA
1777,1777,TSVCX,29.72,USA
1778,1778,NWFAX,22.92,USA
1779,1779,S3162.MC,21.36,Spain
1780,1780,MAPIX,22.61,USA
1781,1781,VWENX,22.59,USA
1782,1782,MGQAX,19.83,USA
1783,1783,SBSDX,21.76,USA
1784,1784,INSAX,21.99,USA
1785,1785,MVTIX,25.53,USA
1786,1786,ATIYX,28.91,USA
1787,1787,TFFAX,25.42,USA
1788,1788,MEIJX,23.87,USA
1789,1789,DIISX,22.31,USA
1790,1790,CMSCX,28.59,USA
1791,1791,RLBCX,23.46,USA
1792,1792,CAIBX,23.74,USA
1793,1793,JRHRX,23.44,USA
1794,1794,AWPIX,20.86,USA
1795,1795,RSIFX,26.36,USA
1796,1796,JCMVX,23.62,USA
1797,1797,JDPRX,24.76,USA
1798,1798,JFEIX,21.89,USA
1799,1799,MMUIX,29.17,USA
1800,1800,TRRDX,23.38,USA
1801,1801,SWHFX,25.44,USA
1802,1802,FDSSX,22.99,USA
1803,1803,FSOAX,24.01,USA
1804,1804,MLFJX,22.69,USA
1805,1805,DLBMX,28.91,USA
1806,1806,JVMRX,24.69,USA
1807,1807,PCGYX,25.54,USA
1808,1808,GOLDX,33.87,USA
1809,1809,LBDAX,25.05,USA
1810,1810,CFWAX,28.25,USA
1811,1811,JENSX,21.54,USA
1812,1812,JORRX,22.77,USA
1813,1813,VAFFX,21.68,USA
1814,1814,NPFFX,23.09,USA
1815,1815,IGOWX,21.42,USA
1816,1816,VTHRX,23.25,USA
1817,1817,SMGIX,22.07,USA
1818,1818,PRSCX,22.01,USA
1819,1819,PJGZX,23.51,USA
1820,1820,FDTFX,24.25,USA
1821,1821,APSGX,24.89,USA
1822,1822,KGGIX,33.58,USA
1823,1823,ATHDX,22.1,USA
1824,1824,MFVAX,22.62,USA
1825,1825,TPYYX,20.65,USA
1826,1826,VGPMX,28.11,USA
1827,1827,FSRPX,19.04,USA
1828,1828,CTCAX,18.98,USA
1829,1829,MOTLX,23.35,USA
1830,1830,TEGAX,22.85,USA
1831,1831,ETGIX,26.56,USA
1832,1832,PCAFX,24.43,USA
1833,1833,S3031.MC,21.76,Spain
1834,1834,QICRX,22.4,USA
1835,1835,ITHIX,22.91,USA
1836,1836,OBMCX,27.25,USA
1837,1837,HSVRX,26.74,USA
1838,1838,QGRNX,23.92,USA
1839,1839,JRTIX,23.51,USA
1840,1840,WGROX,23.55,USA
1841,1841,OIOIX,19.29,USA
1842,1842,BMCAX,19.75,USA
1843,1843,YACKX,21.8,USA
1844,1844,RNPGX,23.09,USA
1845,1845,HIAGX,22.4,USA
1846,1846,ANCFX,23.39,USA
1847,1847,DFUVX,23.77,USA
1848,1848,RSEDX,23.28,USA
1849,1849,S0223.MC,22.68,Spain
1850,1850,CHTTX,22.28,USA
1851,1851,BIGFX,24.19,USA
1852,1852,PGTRX,19.76,USA
1853,1853,EZTGX,22.5,USA
1854,1854,MEFNX,23.87,USA
1855,1855,GIICX,22.3,USA
1856,1856,RRMGX,24.34,USA
1857,1857,PNOPX,20.61,USA
1858,1858,WPSZX,20.1,USA
1859,1859,JMEEX,23.26,USA
1860,1860,AWSHX,23.2,USA
1861,1861,VWNEX,24.28,USA
1862,1862,OGLNX,20.15,USA
1863,1863,GLVYX,21.17,USA
1864,1864,MCGRX,31.84,USA
1865,1865,PNOYX,20.61,USA
1866,1866,DKIJAP.CO,26.54,Denmark
1867,1867,LTRGX,22.97,USA
1868,1868,GIEYX,21.68,USA
1869,1869,SPSRX,28.13,USA
1870,1870,WILNX,20.36,USA
1871,1871,WEBAX,24.02,USA
1872,1872,WWWFX,19.98,USA
1873,1873,BGLCX,25.42,USA
1874,1874,MCIYX,25.45,USA
1875,1875,HWMAX,26.71,USA
1876,1876,U1IH.SW,21.29,
1877,1877,WEMAX,29.41,USA
1878,1878,TFFYX,21.83,USA
1879,1879,WTMCX,25.25,USA
1880,1880,PCIEX,23.38,USA
1881,1881,TWHIX,22.1,USA
1882,1882,HILGX,22.1,USA
1883,1883,ABIAX,22.79,USA
1884,1884,MPEYX,23.74,USA
1885,1885,VITSX,22.77,USA
1886,1886,NDASX,23.9,USA
1887,1887,RBABX,23.66,USA
1888,1888,RAICX,23.57,USA
1889,1889,GIRAX,15.73,USA
1890,1890,BBVANDQNC.MX,20.13,Mexico
1891,1891,USAWX,23.1,USA
1892,1892,ODVNX,23.3,USA
1893,1893,JRYOX,23.29,USA
1894,1894,PRWAX,22.76,USA
1895,1895,RGWBX,23.49,USA
1896,1896,SCVIX,27.52,USA
1897,1897,FAKDX,24.07,USA
1898,1898,EMRCX,24.7,USA
1899,1899,SIGAX,27.36,USA
1900,1900,DHSYX,29.95,USA
1901,1901,WFEMX,23.59,USA
1902,1902,RPFIX,24.99,USA
1903,1903,NAWCX,22.66,USA
1904,1904,BLARX,24.71,USA
1905,1905,KAUCX,27.61,USA
1906,1906,GLBLX,23.26,USA
1907,1907,BFGBX,20.19,USA
1908,1908,S0841.MC,28.12,Spain
1909,1909,PHRIX,16.08,USA
1910,1910,PARJX,23.82,USA
1911,1911,FDFFX,20.06,USA
1912,1912,GTMEX,24.0,USA
1913,1913,MLPDX,40.05,USA
1914,1914,FESOX,23.5,USA
1915,1915,JLKZX,23.23,USA
1916,1916,SOPAX,22.01,USA
1917,1917,PJEZX,16.94,USA
1918,1918,WBLNX,22.99,USA
1919,1919,OPMIX,22.77,USA
1920,1920,CDDYX,22.27,USA
1921,1921,JNVMX,23.87,USA
1922,1922,RMFEX,22.63,USA
1923,1923,THDRX,24.77,USA
1924,1924,GITIX,18.83,USA
1925,1925,CNPFX,23.09,USA
1926,1926,PXQSX,28.63,USA
1927,1927,FZAGX,24.42,USA
1928,1928,ESEE.SG,22.05,Germany
1929,1929,DPUYX,19.8,USA
1930,1930,FROTX,24.41,USA
1931,1931,LAFFX,22.16,USA
1932,1932,JRSCX,23.53,USA
1933,1933,LMIYX,29.87,USA
1934,1934,VSNGX,23.26,USA
1935,1935,SMVMX,21.61,
1936,1936,EICVX,24.18,USA
1937,1937,SMECX,26.09,USA
1938,1938,AGRCX,21.6,USA
1939,1939,SHAPX,20.9,USA
1940,1940,ASEIX,28.88,USA
1941,1941,GCMAX,24.93,Sweden
1942,1942,LVOAX,25.7,USA
1943,1943,DFGEX,15.28,USA
1944,1944,EQIDX,25.74,USA
1945,1945,ISNMX,23.17,USA
1946,1946,SASMX,26.57,USA
1947,1947,POMIX,22.7,USA
1948,1948,ONECX,22.91,USA
1949,1949,RALAX,23.9,USA
1950,1950,HVORX,23.36,USA
1951,1951,IOCCX,23.89,USA
1952,1952,WISIX,23.65,USA
1953,1953,FZALX,24.55,USA
1954,1954,FEYTX,23.12,USA
1955,1955,SENCX,21.74,USA
1956,1956,MCLOX,22.64,USA
1957,1957,SAHMX,24.76,USA
1958,1958,MFOCX,20.49,USA
1959,1959,MIOLX,21.85,USA
1960,1960,TGVNX,26.93,USA
1961,1961,ETGLX,23.02,USA
1962,1962,WAFMX,27.61,USA
1963,1963,BUFSX,28.14,USA
1964,1964,SWPPX,22.05,USA
1965,1965,GPSTX,23.27,Sweden
1966,1966,MRLSX,19.94,USA
1967,1967,WEUSX,22.77,USA
1968,1968,MMKYX,22.81,USA
1969,1969,FEVAX,23.56,USA
1970,1970,DFRSX,27.35,USA
1971,1971,AIIEX,21.13,USA
1972,1972,VIGRX,20.54,USA
1973,1973,GENIX,23.32,USA
1974,1974,UEPIX,24.33,USA
1975,1975,LAMPX,20.88,USA
1976,1976,SHSSX,26.16,USA
1977,1977,JICPX,21.16,USA
1978,1978,SWTSX,22.73,USA
1979,1979,NBRFX,15.73,USA
1980,1980,CTYRX,18.98,USA
1981,1981,MRGSX,22.19,USA
1982,1982,HSIIX,28.48,USA
1983,1983,PJSQX,27.95,USA
1984,1984,RIDCX,24.39,USA
1985,1985,REVRX,23.45,USA
1986,1986,ONGIX,22.91,USA
1987,1987,WEMMX,31.14,USA
1988,1988,IIRLX,21.83,USA
1989,1989,EMCCX,26.4,USA
1990,1990,MENAX,26.89,USA
1991,1991,NQGCX,23.23,USA
1992,1992,FTRNX,21.82,USA
1993,1993,WFEIX,23.25,USA
1994,1994,MAFGX,20.19,USA
1995,1995,TIGGX,22.76,USA
1996,1996,MFADX,24.03,USA
1997,1997,FIFFX,23.58,USA
1998,1998,NMSCX,28.12,USA
1999,1999,GLNBX,21.73,USA
2000,2000,PRDGX,21.85,USA
2001,2001,HLFNX,21.81,USA
2002,2002,FGINX,23.25,USA
2003,2003,IHOSX,21.67,USA
2004,2004,TRLGX,21.44,USA
2005,2005,S0832.MC,22.96,Spain
2006,2006,GLVIX,21.17,USA
2007,2007,FIMPX,29.28,USA
2008,2008,FIVMX,23.7,USA
2009,2009,HFMTX,24.79,USA
2010,2010,VSVCX,21.71,USA
2011,2011,VLTCX,24.28,USA
2012,2012,IHOTX,21.67,USA
2013,2013,NGQIX,21.79,USA
2014,2014,PHASX,22.2,USA
2015,2015,GWPAX,23.49,USA
2016,2016,SGSCX,27.14,USA
2017,2017,CVCFX,23.28,USA
2018,2018,FSHOX,18.94,USA
2019,2019,OSTVX,22.21,USA
2020,2020,MAPPX,23.48,USA
2021,2021,DEQAX,20.59,USA
2022,2022,CLXRX,22.05,USA
2023,2023,JCVWX,25.64,USA
2024,2024,FDVLX,24.85,USA
2025,2025,VFWAX,23.86,USA
2026,2026,BABYX,23.33,USA
2027,2027,AMTZX,22.64,USA
2028,2028,HVOYX,23.36,USA
2029,2029,IGNCX,29.65,USA
2030,2030,GOGIX,20.03,USA
2031,2031,FHUL.SG,22.55,Germany
2032,2032,EMGYX,24.48,USA
2033,2033,HIASX,27.78,USA
2034,2034,DFEQX,20.46,USA
2035,2035,GMRIX,29.13,USA
2036,2036,RSNKX,41.21,USA
2037,2037,FAFEX,23.91,USA
2038,2038,DWWM.SW,31.79,
2039,2039,MPMCX,23.9,USA
2040,2040,LCDRX,33.71,USA
2041,2041,DFPIX,20.91,USA
2042,2042,HERAX,27.4,USA
2043,2043,EAIDX,23.68,USA
2044,2044,RPRCX,24.99,USA
2045,2045,INPFX,24.72,USA
2046,2046,JYJ7.SW,32.49,
2047,2047,JLCVX,22.81,USA
2048,2048,TRSSX,28.53,USA
2049,2049,DEVIX,27.9,USA
2050,2050,VGENX,31.32,USA
2051,2051,MXTMX,24.65,USA
2052,2052,TRRKX,23.31,USA
2053,2053,TEQCX,21.38,USA
2054,2054,NQVCX,25.02,USA
2055,2055,TGIGX,24.27,USA
2056,2056,NIQVX,19.54,USA
2057,2057,RRRAX,16.9,USA
2058,2058,HSAFX,23.46,USA
2059,2059,URTAX,15.46,USA
2060,2060,S1029.MC,24.98,Spain
2061,2061,VEMAX,27.17,USA
2062,2062,EPEIX,26.81,USA
2063,2063,RYZCX,34.04,USA
2064,2064,FTAGX,22.82,USA
2065,2065,CMGYX,22.5,USA
2066,2066,HCPCX,22.79,USA
2067,2067,VWUSX,21.19,USA
2068,2068,FSMEX,27.15,USA
2069,2069,RCSIX,27.05,Sweden
2070,2070,RSDGX,26.47,USA
2071,2071,FPCGX,22.82,USA
2072,2072,VEXRX,25.55,USA
2073,2073,VSMAX,26.39,USA
2074,2074,MSIGX,21.72,USA
2075,2075,MXXIX,22.18,USA
2076,2076,MFBKX,23.25,USA
2077,2077,VCIEX,22.38,USA
2078,2078,S1068.MC,22.99,Spain
2079,2079,ARORX,23.04,USA
2080,2080,HDVYX,23.12,USA
2081,2081,FTGFX,23.07,USA
2082,2082,IBSAX,23.73,USA
2083,2083,RYEIX,35.21,USA
2084,2084,TEDIX,24.7,USA
2085,2085,HAMGX,23.28,USA
2086,2086,OBIOX,26.16,USA
2087,2087,ICTEX,20.61,USA
2088,2088,IRPVX,23.92,USA
2089,2089,GDSTX,28.93,USA
2090,2090,CCCNX,32.5,USA
2091,2091,BX+CAPB-5.MX,29.51,Mexico
2092,2092,GSQRX,28.9,USA
2093,2093,KLCAX,22.45,USA
2094,2094,PAGYX,22.9,USA
2095,2095,VNVCX,26.0,USA
2096,2096,FVLCX,22.06,USA
2097,2097,OGLIX,20.15,USA
2098,2098,MSVZX,26.64,USA
2099,2099,NWNIX,23.87,USA
2100,2100,GFAFX,23.63,USA
2101,2101,FNPIX,20.65,USA
2102,2102,QDVAX,24.4,USA
2103,2103,RGBCX,24.13,USA
2104,2104,VTIAX,24.19,USA
2105,2105,MLOZX,30.28,USA
2106,2106,PRMSX,24.2,USA
2107,2107,VSVGX,21.71,USA
2108,2108,BRAGX,22.67,USA
2109,2109,EKWAX,33.66,USA
2110,2110,UGLSX,20.58,USA
2111,2111,PGINX,20.09,USA
2112,2112,CUSYX,27.54,USA
2113,2113,OARMX,24.67,USA
2114,2114,WTSVX,28.24,USA
2115,2115,JNRRX,35.14,USA
2116,2116,MLPLX,36.49,USA
2117,2117,BRECX,21.04,USA
2118,2118,OPTFX,21.5,USA
2119,2119,INRSX,29.65,USA
2120,2120,VALMXAB1.MX,24.92,Canada
2121,2121,VEVYX,23.66,USA
2122,2122,MTPIX,24.04,USA
2123,2123,AAUTX,23.59,USA
2124,2124,VAMGX,24.99,USA
2125,2125,CUHAX,23.33,USA
2126,2126,SEKAX,25.94,USA
2127,2127,WLCAX,23.68,USA
2128,2128,UCEQX,23.71,USA
2129,2129,JTUAX,28.73,USA
2130,2130,FLICX,21.56,USA
2131,2131,IARRX,15.76,USA
2132,2132,MAPTX,24.97,USA
2133,2133,DISYX,19.9,USA
2134,2134,JCVSX,25.64,USA
2135,2135,MIQPX,21.61,USA
2136,2136,LBRIX,22.01,USA
2137,2137,NDACX,23.9,USA
2138,2138,TSFCX,25.18,USA
2139,2139,TILRX,21.14,USA
2140,2140,RSINX,25.98,USA
2141,2141,JRTYX,23.23,USA
2142,2142,MFLDX,24.03,USA
2143,2143,TWCUX,21.51,USA
2144,2144,LBHFX,32.89,USA
2145,2145,AIGPX,24.52,USA
2146,2146,VICSX,24.15,USA
2147,2147,CBMAX,24.85,USA
2148,2148,ITYYX,20.32,USA
2149,2149,LVOYX,25.7,USA
2150,2150,WFLWX,24.52,USA
2151,2151,QALTX,24.38,Sweden
2152,2152,GHACX,32.7,USA
2153,2153,PRGSX,23.66,USA
2154,2154,TEPLX,23.07,USA
2155,2155,FLATX,31.04,USA
2156,2156,FDEQX,21.11,USA
2157,2157,CIVVX,23.84,USA
2158,2158,YMLA.SG,23.23,Germany
2159,2159,LUSAX,28.41,USA
2160,2160,LMPEX,21.68,USA
2161,2161,ECDIX,22.0,USA
2162,2162,NEFOX,24.65,USA
2163,2163,IEMYX,24.55,USA
2164,2164,TRIEX,22.34,USA
2165,2165,PZASX,22.97,USA
2166,2166,WIREX,19.97,USA
2167,2167,JARTX,21.33,USA
2168,2168,DHMIX,27.54,USA
2169,2169,MRESX,16.15,USA
2170,2170,FCISX,27.6,USA
2171,2171,NWNAX,23.87,USA
2172,2172,LAVQX,23.97,USA
2173,2173,CLSPX,22.5,USA
2174,2174,UAPIX,29.3,USA
2175,2175,JALBX,24.67,USA
2176,2176,VVOIX,25.8,USA
2177,2177,QISGX,28.75,USA
2178,2178,MQIFX,24.4,USA
2179,2179,CGRWX,26.54,USA
2180,2180,CAMZX,26.74,USA
2181,2181,WFPDX,22.01,USA
2182,2182,CWMEX,23.2,USA
2183,2183,GSROX,28.9,USA
2184,2184,ADGRX,21.23,USA
2185,2185,VGSNX,15.86,USA
2186,2186,LGLFX,23.6,USA
2187,2187,WFIOX,22.05,USA
2188,2188,FRVLX,29.21,USA
2189,2189,JRTDX,23.68,USA
2190,2190,PINQX,24.21,USA
2191,2191,RGIAX,23.28,USA
2192,2192,RRTBX,23.99,USA
2193,2193,RICGX,23.49,USA
2194,2194,ESVCX,24.26,USA
2195,2195,DNEMX,26.22,USA
2196,2196,IICWX,22.09,USA
2197,2197,AFGGX,22.46,USA
2198,2198,ISSPX,23.03,USA
2199,2199,WPOIX,21.91,USA
2200,2200,VVOCX,25.8,USA
2201,2201,ZSCCX,29.55,USA
2202,2202,ICMBX,22.44,USA
2203,2203,AGGWX,32.03,USA
2204,2204,UIPMX,33.31,USA
2205,2205,LPJKX,23.78,USA
2206,2206,WMMRX,17.67,USA
2207,2207,TEDMX,25.78,USA
2208,2208,OIERX,22.92,USA
2209,2209,QICNX,22.4,USA
2210,2210,BRBPX,22.32,USA
2211,2211,ACSYX,26.27,USA
2212,2212,FMIMX,23.75,USA
2213,2213,SVAIX,25.13,USA
2214,2214,JSMGX,27.02,USA
2215,2215,HLGEX,22.84,USA
2216,2216,JGMAX,27.02,USA
2217,2217,RWIFX,22.7,USA
2218,2218,LZSCX,24.98,USA
2219,2219,PTSGX,21.59,USA
2220,2220,FFACX,24.67,USA
2221,2221,CNCIX,25.45,USA
2222,2222,VSCOX,27.78,USA
2223,2223,FBTIX,30.56,USA
2224,2224,IFACX,24.39,USA
2225,2225,BOPRX,21.41,USA
2226,2226,PSVIX,27.35,USA
2227,2227,FCCGX,27.47,USA
2228,2228,BWLCX,23.2,USA
2229,2229,TIQRX,22.69,USA
2230,2230,PVADX,27.35,USA
2231,2231,QILGX,20.32,USA
2232,2232,WGIFX,22.7,USA
2233,2233,BUFBX,23.39,USA
2234,2234,MGXIX,22.55,USA
2235,2235,JLDGX,24.81,USA
2236,2236,MFOIX,21.63,USA
2237,2237,AADTX,23.45,USA
2238,2238,MDBAX,25.01,USA
2239,2239,MDISX,24.7,USA
2240,2240,EIVFX,24.11,USA
2241,2241,JVLAX,23.43,USA
2242,2242,GAGCX,22.93,USA
2243,2243,S3093.MC,23.13,Spain
2244,2244,WMGRX,23.41,USA
2245,2245,ANORX,26.5,USA
2246,2246,GNDIX,22.08,USA
2247,2247,JPPNX,24.85,USA
2248,2248,LAMAX,20.88,USA
2249,2249,JICAX,17.61,USA
2250,2250,WHGIX,23.97,USA
2251,2251,SCHAX,23.68,USA
2252,2252,WAINX,24.7,USA
2253,2253,RGAEX,23.63,USA
2254,2254,AVFIX,28.39,USA
2255,2255,PIEJX,25.88,USA
2256,2256,JDVOX,23.27,USA
2257,2257,IVAEX,23.82,USA
2258,2258,FRBFX,29.23,USA
2259,2259,SBSPX,21.76,USA
2260,2260,TGVRX,21.75,USA
2261,2261,IJMSX,23.68,USA
2262,2262,FSENX,34.83,USA
2263,2263,PNBCX,22.31,USA
2264,2264,FLPKX,21.88,USA
2265,2265,JORCX,22.77,USA
2266,2266,VWIGX,21.91,USA
2267,2267,TOLIX,22.98,USA
2268,2268,TSGLX,23.11,USA
2269,2269,SUHAX,26.31,USA
2270,2270,FGEAX,20.35,USA
2271,2271,OPWAF.AS,23.41,Netherlands
2272,2272,HHCZX,26.91,USA
2273,2273,DLPCX,17.25,USA
2274,2274,DFIVX,24.81,USA
2275,2275,VDADX,22.1,USA
2276,2276,JAVTX,27.22,USA
2277,2277,VACVX,25.34,USA
2278,2278,MLABX,20.01,USA
2279,2279,DTMIX,24.67,USA
2280,2280,ROBB.AS,20.05,Netherlands
2281,2281,QISCX,28.84,USA
2282,2282,PHPIX,31.79,USA
2283,2283,HSLYX,28.82,USA
2284,2284,BIOIX,23.7,USA
2285,2285,FBALX,23.49,USA
2286,2286,TMCIX,25.77,USA
2287,2287,NWWHX,23.9,USA
2288,2288,NBMBX,23.42,USA
2289,2289,HILRX,25.94,USA
2290,2290,PURZX,16.16,USA
2291,2291,BIFRX,22.74,USA
2292,2292,AMRMX,22.63,USA
2293,2293,WFQFX,24.52,USA
2294,2294,HMVJX,26.31,USA
2295,2295,ERSMX,23.41,USA
2296,2296,VSMIX,27.87,USA
2297,2297,FVRMX,30.7,USA
2298,2298,DRLYX,15.01,USA
2299,2299,HQICX,24.26,USA
2300,2300,CNGAX,22.69,USA
2301,2301,FHKCX,25.04,USA
2302,2302,SCDGX,22.02,USA
2303,2303,OAKLX,23.59,USA
2304,2304,IVKIX,26.27,USA
2305,2305,PABBX,22.97,USA
2306,2306,ARTGX,22.13,USA
2307,2307,VTPSX,24.19,USA
2308,2308,ISCSX,22.06,USA
2309,2309,JIVRX,23.1,USA
2310,2310,WPSIX,20.1,USA
2311,2311,FIDSX,25.41,USA
2312,2312,RYVPX,28.19,USA
2313,2313,VIVIX,24.15,USA
2314,2314,TOLCX,22.98,USA
2315,2315,MPSSX,29.04,USA
2316,2316,JLHHX,23.92,USA
2317,2317,JAAGX,22.43,USA
2318,2318,SECIX,26.19,USA
2319,2319,FQUAX,24.78,USA
2320,2320,KGDAX,27.14,USA
2321,2321,MRRFX,24.14,USA
2322,2322,IJPTX,23.7,USA
2323,2323,FRINX,20.19,USA
2324,2324,VSEQX,24.02,USA
2325,2325,RWIBX,22.7,USA
2326,2326,RYMIX,20.8,USA
2327,2327,QUSOX,25.65,USA
2328,2328,PCANX,21.59,USA
2329,2329,EKBCX,24.43,USA
2330,2330,OEICX,22.05,USA
2331,2331,RYTRX,27.45,USA
2332,2332,FACDX,26.88,USA
2333,2333,WFDRX,25.53,USA
2334,2334,MAGLX,20.95,USA
2335,2335,VTMGX,23.16,USA
2336,2336,NBGNX,23.3,USA
2337,2337,ACLCX,24.52,USA
2338,2338,EKHYX,24.44,USA
2339,2339,VFGIX,21.04,USA
2340,2340,BARAX,21.79,USA
2341,2341,NGDCX,22.12,USA
2342,2342,PPUPX,21.63,Sweden
2343,2343,TRMCX,26.55,USA
2344,2344,TWIEX,19.6,USA
2345,2345,ISIPX,22.05,USA
2346,2346,FREGX,16.07,USA
2347,2347,FALIX,24.52,USA
2348,2348,PCVCX,27.35,USA
2349,2349,VHCOX,23.27,USA
2350,2350,RSLFX,26.16,USA
2351,2351,PALLX,21.18,USA
2352,2352,BESIX,28.72,USA
2353,2353,PFIPX,23.93,USA
2354,2354,HOTFX,20.83,USA
2355,2355,NBIAX,23.44,USA
2356,2356,TWCIX,20.26,USA
2357,2357,HSGFX,23.76,USA
2358,2358,RYIRX,24.81,USA
2359,2359,PLARX,27.71,USA
2360,2360,HGOSX,22.8,USA
2361,2361,FRTSX,22.63,Sweden
2362,2362,VAGGX,22.29,USA
2363,2363,RYPDX,25.5,USA
2364,2364,VEIRX,24.38,USA
2365,2365,FAGNX,34.82,USA
2366,2366,FBFZX,26.67,USA
2367,2367,PRJZX,21.12,USA
2368,2368,EARAX,24.52,USA
2369,2369,PJGRX,21.04,USA
2370,2370,IARYX,15.76,USA
2371,2371,SCAYX,22.64,USA
2372,2372,DRDIX,22.29,USA
2373,2373,THDAX,24.77,USA
2374,2374,DFLVX,23.77,USA
2375,2375,POGCX,20.97,USA
2376,2376,FRGOX,37.8,USA
2377,2377,NGCCX,25.18,USA
2378,2378,TMDPX,22.86,USA
2379,2379,FMGKX,20.06,USA
2380,2380,BUFGX,19.61,USA
2381,2381,USPVX,22.77,USA
2382,2382,SSSFX,29.15,USA
2383,2383,RDCCX,23.17,USA
2384,2384,DHLRX,23.41,USA
2385,2385,AACTX,23.8,USA
2386,2386,QCACX,21.96,USA
2387,2387,HCPSX,25.71,USA
2388,2388,ITHRX,22.91,USA
2389,2389,PRGTX,21.04,USA
2390,2390,MTCLX,19.91,USA
2391,2391,NPRTX,28.59,USA
2392,2392,MI9T.SW,33.16,
2393,2393,AGTHX,23.63,USA
2394,2394,XCHIX,26.8,USA
2395,2395,CFSIX,21.59,USA
2396,2396,ABECX,20.8,USA
2397,2397,ULPIX,21.86,USA
2398,2398,JISIX,22.43,USA
2399,2399,RYFIX,21.12,USA
2400,2400,OGLYX,20.15,USA
2401,2401,VCGAX,21.68,USA
2402,2402,JGIRX,20.11,USA
2403,2403,CCDTX,23.45,USA
2404,2404,BEQGX,21.66,USA
2405,2405,FSDAX,36.66,USA
2406,2406,RLGCX,22.71,USA
2407,2407,CSDRX,23.27,USA
2408,2408,FIDKX,21.74,USA
2409,2409,CGICX,28.54,USA
2410,2410,PNVRX,27.35,USA
2411,2411,VCSVX,28.71,USA
2412,2412,FSCRX,22.94,USA
2413,2413,OSCYX,28.91,USA
2414,2414,AMGCX,23.45,USA
2415,2415,IVVYX,22.89,USA
2416,2416,MSDVX,24.87,USA
2417,2417,S3769.MC,22.21,Spain
2418,2418,SAOCX,23.9,USA
2419,2419,VIMSX,23.16,USA
2420,2420,NEWCX,25.24,USA
2421,2421,PSSNX,28.1,USA
2422,2422,VGHCX,26.36,USA
2423,2423,ASMMX,22.57,USA
2424,2424,DSEFX,20.44,USA
2425,2425,PMVBX,21.86,USA
2426,2426,ACVUX,22.38,USA
2427,2427,AFIFX,23.39,USA
2428,2428,TRWAX,22.82,USA
2429,2429,PABGX,21.51,USA
2430,2430,DHSIX,29.95,USA
2431,2431,NWHOX,20.7,USA
2432,2432,WFQYX,24.52,USA
2433,2433,S1257.MC,21.54,Spain
2434,2434,JNBAX,24.99,USA
2435,2435,S3465.MC,22.95,Spain
2436,2436,VGICX,23.27,USA
2437,2437,FFFHX,23.39,USA
2438,2438,BGFIX,21.74,USA
2439,2439,EPGAX,23.04,USA
2440,2440,CICCX,23.49,USA
2441,2441,JANBX,21.26,USA
2442,2442,HERYX,27.4,USA
2443,2443,ARDEX,23.02,USA
2444,2444,JVAIX,23.63,USA
2445,2445,SPRAX,24.35,USA
2446,2446,IHSSX,27.8,USA
2447,2447,AIVKX,22.79,USA
2448,2448,DFGBX,17.53,USA
2449,2449,S1595.MC,22.74,Spain
2450,2450,WBIIX,20.89,USA
2451,2451,JAQDX,23.41,USA
2452,2452,MYISX,26.1,USA
2453,2453,OGEAX,22.05,USA
2454,2454,ERBAX,24.14,USA
2455,2455,GRMCX,22.05,USA
2456,2456,GRMRX,22.05,USA
2457,2457,TGVFX,21.13,USA
2458,2458,PGSGX,27.68,USA
2459,2459,RWMGX,23.2,USA
2460,2460,TIBAX,22.31,USA
2461,2461,TVFMX,22.17,USA
2462,2462,LCEAX,25.13,USA
2463,2463,PEYAX,24.66,USA
2464,2464,CNPSX,23.58,USA
2465,2465,JDESX,21.59,USA
2466,2466,SWNRX,22.71,Sweden
2467,2467,PCBIX,23.04,USA
2468,2468,HBLAX,25.26,USA
2469,2469,TRAMX,26.82,USA
2470,2470,JRTTX,23.29,USA
2471,2471,JGACX,21.28,USA
2472,2472,GABOX,28.82,USA
2473,2473,CCRZX,21.76,USA
2474,2474,GSYRX,26.01,USA
2475,2475,PRSGX,23.54,USA
2476,2476,JRSTX,23.53,USA
2477,2477,IIGPX,24.82,USA
2478,2478,JBBSX,23.79,USA
2479,2479,WSTYX,21.75,USA
2480,2480,NUGIX,21.36,USA
2481,2481,S3293.MC,23.14,Spain
2482,2482,REREX,24.1,USA
2483,2483,MIPIX,22.61,USA
2484,2484,SSIQX,22.15,USA
2485,2485,TASCX,32.81,USA
2486,2486,MTRAX,24.02,USA
2487,2487,JPPIX,24.85,USA
2488,2488,VTTSX,23.32,USA
2489,2489,VWINX,24.7,USA
2490,2490,RESIX,24.79,USA
2491,2491,JAQTX,23.41,USA
2492,2492,JRLGX,24.54,USA
2493,2493,WAIGX,23.75,USA
2494,2494,PTDMX,23.02,Sweden
2495,2495,MFWIX,22.83,USA
2496,2496,FITRX,24.16,USA
2497,2497,MCGFX,20.4,USA
2498,2498,VTRIX,23.21,USA
2499,2499,PSSJX,28.1,USA
2500,2500,SWLSX,20.71,USA
2501,2501,PXSGX,22.31,USA
2502,2502,GTDYX,25.06,USA
2503,2503,WGGNX,20.33,USA
2504,2504,FSEAX,24.31,USA
2505,2505,LMASX,26.67,USA
2506,2506,HHEVF.AS,21.78,Netherlands
2507,2507,OIBFX,23.16,USA
2508,2508,MSSFX,28.37,USA
2509,2509,MIECX,19.0,USA
2510,2510,RSLCX,26.16,USA
2511,2511,AAIPX,22.7,USA
2512,2512,OEGAX,22.71,USA
2513,2513,DGFYX,22.91,USA
2514,2514,RGGAX,23.47,USA
2515,2515,JCAVX,24.47,Sweden
2516,2516,AKRIX,17.95,USA
2517,2517,INFIX,30.4,USA
2518,2518,PGVFX,22.01,USA
2519,2519,VIGAX,20.54,USA
2520,2520,DFUKX,22.67,USA
2521,2521,S3103.MC,24.69,Spain
2522,2522,JFFIX,22.26,USA
2523,2523,TVVIX,23.53,USA
2524,2524,THCGX,26.23,USA
2525,2525,MGAFX,21.58,USA
2526,2526,DGAGX,20.92,USA
2527,2527,CAMOX,23.9,USA
2528,2528,TMCPX,24.64,USA
2529,2529,JIGFX,22.61,USA
2530,2530,AROAX,23.04,USA
2531,2531,NLSCX,23.09,USA
2532,2532,MPILX,22.46,USA
2533,2533,DPREX,24.72,USA
2534,2534,FZAPX,22.99,USA
2535,2535,AYBLX,22.19,USA
2536,2536,FARCX,16.07,USA
2537,2537,BBISX,23.46,USA
2538,2538,FDCAX,23.31,USA
2539,2539,VFFVX,23.32,USA
2540,2540,OPGSX,38.17,USA
2541,2541,WCPIX,22.83,USA
2542,2542,IMLAX,23.34,USA
2543,2543,BMEAX,25.42,USA
2544,2544,PTDPX,23.02,Sweden
2545,2545,PREFX,21.11,USA
2546,2546,CSGYX,28.59,USA
2547,2547,DFGFX,17.1,USA
2548,2548,DSGCX,27.67,USA
2549,2549,MSARX,24.81,USA
2550,2550,SPSAX,28.13,USA
2551,2551,CNWFX,25.24,USA
2552,2552,ATWYX,22.66,USA
2553,2553,RRGCX,15.97,USA
2554,2554,IEOHX,21.43,USA
2555,2555,IVCSX,27.4,USA
2556,2556,OPMNX,22.77,USA
2557,2557,IWPVX,23.92,USA
2558,2558,IIRGX,22.79,USA
2559,2559,FBDIX,30.1,USA
2560,2560,SCIUX,22.64,USA
2561,2561,QFVIX,21.95,USA
2562,2562,YAFIX,22.51,USA
2563,2563,PBEAX,23.26,USA
2564,2564,JEEFX,25.78,USA
2565,2565,MMUFX,29.17,USA
2566,2566,FTCHX,20.32,USA
2567,2567,AWAYX,22.63,USA
2568,2568,HWCAX,25.33,USA
2569,2569,ATNNX,21.57,USA
2570,2570,KOF1.F,27.74,Germany
2571,2571,PHSYX,25.87,USA
2572,2572,TWUIX,21.51,USA
2573,2573,MOSAX,21.67,USA
2574,2574,BIPIX,23.69,USA
2575,2575,MFEBX,23.87,USA
2576,2576,IJSIX,26.88,USA
2577,2577,PRGIX,23.19,USA
2578,2578,ARWOX,23.25,USA
2579,2579,JWWFX,22.33,USA
2580,2580,SMVTX,23.2,USA
2581,2581,LAGWX,28.79,USA
2582,2582,JVLTX,23.27,USA
2583,2583,EACPX,20.65,USA
2584,2584,RYEAX,35.21,USA
2585,2585,DPRRX,24.72,USA
2586,2586,RERAX,24.1,USA
2587,2587,EMGNX,24.48,USA
2588,2588,VTSAX,22.77,USA
2589,2589,USMIX,26.37,USA
2590,2590,RYFAX,21.12,USA
2591,2591,DWGAX,26.43,USA
2592,2592,VWNFX,23.33,USA
2593,2593,SUVCX,24.2,USA
2594,2594,IWRFX,31.74,USA
2595,2595,PGNBX,23.2,USA
2596,2596,IEMFX,24.2,USA
2597,2597,PTDIX,23.02,USA
2598,2598,HFEAX,21.65,USA
2599,2599,MPEGX,22.52,USA
2600,2600,NRCFX,15.59,USA
2601,2601,TMLCX,22.0,USA
2602,2602,FFFEX,23.76,USA
2603,2603,FIDCX,25.01,USA
2604,2604,SPXKX,22.05,USA
2605,2605,PCSSX,23.16,USA
2606,2606,MNDCX,25.22,USA
2607,2607,TCLFX,23.58,USA
2608,2608,GSCZX,28.25,USA
2609,2609,USSCX,24.75,USA
2610,2610,SILVX,20.25,USA
2611,2611,S3673.MC,23.57,Spain
2612,2612,NCBGX,22.31,USA
2613,2613,ISFAX,26.52,USA
2614,2614,JUECX,21.79,USA
2615,2615,S3438.MC,23.1,Spain
2616,2616,CSVFX,21.93,USA
2617,2617,TEMMX,27.09,USA
2618,2618,JGDAX,25.1,USA
2619,2619,S3052.MC,22.55,Spain
2620,2620,UGOFX,21.21,USA
2621,2621,PJORX,23.51,USA
2622,2622,DSCVX,28.71,USA
2623,2623,GGGIX,19.76,USA
2624,2624,FEDTX,27.63,USA
2625,2625,NBPTX,28.59,USA
2626,2626,RAFEX,22.86,USA
2627,2627,FMILX,26.17,USA
2628,2628,AIBLX,23.1,USA
2629,2629,GQLOX,20.81,USA
2630,2630,EACVX,24.57,USA
2631,2631,HWLAX,25.54,USA
2632,2632,FRSLX,23.77,USA
2633,2633,TISEX,28.61,USA
2634,2634,TSALX,22.83,USA
2635,2635,POAGX,25.21,USA
2636,2636,HACCX,23.6,USA
2637,2637,FIVQX,23.7,USA
2638,2638,HGHIX,27.92,USA
2639,2639,DPRIX,20.69,USA
2640,2640,WMMCX,31.14,USA
2641,2641,POVSX,20.67,USA
2642,2642,MIDLX,23.68,USA
2643,2643,JGRTX,22.5,USA
2644,2644,RSNYX,41.21,USA
2645,2645,PRISX,25.74,USA
2646,2646,HQIYX,24.26,USA
2647,2647,PSBSX,28.59,Sweden
2648,2648,GIGAX,23.0,USA
2649,2649,FBSOX,19.0,USA
2650,2650,SDVGX,22.06,USA
2651,2651,ZKRS.SW,29.78,
2652,2652,JDBAX,21.26,USA
2653,2653,OTCFX,28.53,USA
2654,2654,PROAX,23.32,USA
2655,2655,FSHCX,21.07,USA
2656,2656,LTSGX,23.67,USA
2657,2657,ROLG.AS,19.46,Netherlands
2658,2658,FXIFX,23.14,USA
2659,2659,MSAVX,24.81,USA
2660,2660,NQCCX,24.53,USA
2661,2661,MLTCX,23.07,USA
2662,2662,PTCSX,23.29,Sweden
2663,2663,TVRVX,18.13,USA
2664,2664,BOPCX,21.41,USA
2665,2665,TCRIX,23.4,Sweden
2666,2666,WTTRX,24.53,USA
2667,2667,CUSIX,26.83,USA
2668,2668,BIBDX,21.33,USA
2669,2669,FESGX,22.97,USA
2670,2670,GOLD5+A.MX,22.96,Mexico
2671,2671,JRIQX,23.23,USA
2672,2672,JFEAX,23.87,USA
2673,2673,PPGRX,21.22,USA
2674,2674,PRFEX,23.79,USA
2675,2675,UDPIX,24.11,USA
2676,2676,QSMLX,27.94,USA
2677,2677,WFGGX,22.09,USA
2678,2678,DRIPX,24.57,USA
2679,2679,EMICX,20.08,USA
2680,2680,MVCJX,24.57,USA
2681,2681,RCEYX,24.14,USA
2682,2682,AIVSX,23.49,USA
2683,2683,FRBRX,30.1,USA
2684,2684,RPMIX,26.85,USA
2685,2685,RYOAX,28.05,USA
2686,2686,NSVAX,29.73,USA
2687,2687,GABUX,31.89,USA
2688,2688,DFEMX,27.37,USA
2689,2689,BRGPX,23.27,USA
2690,2690,QIVAX,21.12,USA
2691,2691,SLASX,22.45,USA
2692,2692,ETFOX,23.77,USA
2693,2693,GFFFX,23.63,USA
2694,2694,JSVDX,28.26,USA
2695,2695,CISGX,21.59,USA
2696,2696,NINDX,22.05,USA
2697,2697,GHAAX,32.7,USA
2698,2698,VEUPX,21.64,USA
2699,2699,LSSCX,27.92,USA
2700,2700,MLRTX,20.01,USA
2701,2701,AUIRX,21.71,USA
2702,2702,BIAWX,20.3,USA
2703,2703,PAGRX,24.71,USA
2704,2704,POICX,22.95,USA
2705,2705,NGQAX,21.79,USA
2706,2706,POGRX,24.9,USA
2707,2707,DFUSX,22.05,USA
2708,2708,MTSMX,22.75,USA
2709,2709,GIFFX,24.77,USA
2710,2710,CAAAX,22.52,USA
2711,2711,TCWCX,26.23,USA
2712,2712,TLVIX,23.59,USA
2713,2713,NWJDX,20.33,USA
2714,2714,DEUCX,20.29,USA
2715,2715,HCKAX,22.95,USA
2716,2716,FIIAX,24.06,USA
2717,2717,JSSM.SW,24.96,
2718,2718,PHLCX,29.13,USA
2719,2719,DODGX,22.36,USA
2720,2720,OSTFX,21.06,USA
2721,2721,VRGWX,20.69,USA
2722,2722,HIOCX,21.67,USA
2723,2723,RTSSX,26.17,USA
2724,2724,NAESX,26.39,USA
2725,2725,PQSAX,28.63,USA
2726,2726,JNVSX,20.36,USA
2727,2727,INVEXTKA.MX,24.65,Mexico
2728,2728,FSJHX,22.99,USA
2729,2729,ATSNX,29.04,USA
2730,2730,VIGIX,20.54,USA
2731,2731,RTIYX,22.9,USA
2732,2732,HICSX,23.86,Sweden
2733,2733,RYTFX,27.45,USA
2734,2734,BAFHX,22.31,USA
2735,2735,MEDRX,26.46,USA
2736,2736,NMFIX,24.48,USA
2737,2737,TVVAX,23.53,USA
2738,2738,OEGNX,22.71,USA
2739,2739,MXMDX,25.03,USA
2740,2740,GSRLX,22.88,USA
2741,2741,FLVCX,23.44,USA
2742,2742,VMCVX,25.72,USA
2743,2743,ABPYX,23.23,USA
2744,2744,EQTIX,22.76,USA
2745,2745,FLMVX,23.62,USA
2746,2746,JENHX,23.45,USA
2747,2747,AROIX,23.04,USA
2748,2748,DBMYX,25.75,USA
2749,2749,RCGHX,27.05,USA
2750,2750,VSTBX,24.29,USA
2751,2751,TRFFX,23.49,USA
2752,2752,TSCIX,27.83,Sweden
2753,2753,VWMIX,25.65,USA
2754,2754,JIVCX,23.1,USA
2755,2755,WFQUX,23.42,USA
2756,2756,FKGRX,21.23,USA
2757,2757,FGTIX,22.17,Sweden
2758,2758,HISIX,20.97,USA
2759,2759,MCMVX,23.66,USA
2760,2760,S2225.MC,21.53,Spain
2761,2761,ICGEX,22.52,USA
2762,2762,JLIFX,24.06,USA
2763,2763,AMEFX,24.39,USA
2764,2764,WFFAX,24.89,USA
2765,2765,ECASX,23.41,USA
2766,2766,PPTCX,22.93,USA
2767,2767,NASDX,20.9,USA
2768,2768,DFELX,22.71,USA
2769,2769,OTCBX,21.88,USA
2770,2770,JPPSX,24.85,USA
2771,2771,BAAPX,22.95,USA
2772,2772,GUIQX,24.33,USA
2773,2773,WGFCX,23.31,USA
2774,2774,FBTTX,30.56,USA
2775,2775,STBIX,22.05,USA
2776,2776,FOCPX,21.71,USA
2777,2777,TRIGX,24.15,USA
2778,2778,WILCX,25.21,USA
2779,2779,TCREX,16.27,USA
2780,2780,RMFAX,22.63,USA
2781,2781,PSIJX,28.06,USA
2782,2782,NQCRX,24.53,USA
2783,2783,PACLX,24.18,USA
2784,2784,LVPIX,23.77,USA
2785,2785,MWEIX,20.91,USA
2786,2786,VITPX,22.77,USA
2787,2787,USAAX,21.17,USA
2788,2788,QUAIX,28.78,USA
2789,2789,NEXTX,24.57,USA
2790,2790,JRHQX,23.63,USA
2791,2791,BSFIX,25.53,USA
2792,2792,FEAFX,20.63,USA
2793,2793,ECFGX,21.22,USA
2794,2794,FSTUX,26.04,USA
2795,2795,BDSHX,23.0,USA
2796,2796,EIFVX,25.39,USA
2797,2797,INIVX,35.61,USA
2798,2798,HFMIX,24.79,USA
2799,2799,VTTHX,23.28,USA
2800,2800,GQETX,20.81,USA
2801,2801,FZAHX,22.8,USA
2802,2802,KINAX,19.98,USA
2803,2803,IGEAX,21.15,USA
2804,2804,EQICX,25.74,USA
2805,2805,FDSTX,20.68,Sweden
2806,2806,NWCFX,18.81,USA
2807,2807,PRAAX,23.55,USA
2808,2808,HARPX,24.18,USA
2809,2809,JSGZX,27.68,USA
2810,2810,JVMSX,24.69,USA
2811,2811,IVVIX,26.11,USA
2812,2812,MRLOX,22.64,USA
2813,2813,FKUTX,31.49,USA
2814,2814,IARAX,15.76,USA
2815,2815,LOMMX,22.31,USA
2816,2816,PMFJX,25.24,USA
2817,2817,JNGSX,17.35,USA
2818,2818,AATIX,27.64,USA
2819,2819,USCOX,25.07,USA
2820,2820,FGIRX,24.16,USA
2821,2821,ADNAX,27.22,USA
2822,2822,PESPX,25.24,USA
2823,2823,LEDCX,33.71,USA
2824,2824,TPCIX,28.05,USA
2825,2825,JILAX,23.93,USA
2826,2826,VGSIX,15.86,USA
2827,2827,TEMQX,24.4,USA
2828,2828,CHDPX,23.44,USA
2829,2829,ATRIX,22.15,USA
2830,2830,IPETX,24.29,USA
2831,2831,IDXRX,23.14,USA
2832,2832,ARTLX,22.73,USA
2833,2833,DFPRX,22.75,USA
2834,2834,TASVX,27.83,USA
2835,2835,NWMHX,23.89,USA
2836,2836,AEEIX,16.64,USA
2837,2837,SCETX,26.13,USA
2838,2838,UISCX,28.05,USA
2839,2839,FAGKX,22.04,USA
2840,2840,TBGVX,23.15,USA
2841,2841,NNGCX,22.12,USA
2842,2842,NMPAX,25.22,USA
2843,2843,PIFCX,26.82,USA
2844,2844,NMCCX,23.38,USA
2845,2845,CHTRX,21.72,USA
2846,2846,MMIYX,23.79,USA
2847,2847,GGFRX,22.05,USA
2848,2848,OAKEX,21.87,USA
2849,2849,BAPGX,23.6,USA
2850,2850,MINYX,21.65,USA
2851,2851,RYVYX,20.82,USA
2852,2852,PNVAX,24.99,USA
2853,2853,BSCFX,25.53,USA
2854,2854,WFTYX,24.28,USA
2855,2855,IOEZX,22.75,USA
2856,2856,ALCZX,22.16,USA
2857,2857,PLTJX,23.29,USA
2858,2858,SBLGX,20.21,USA
2859,2859,MGINX,22.43,USA
2860,2860,EAALX,20.5,USA
2861,2861,PVSCX,27.69,USA
2862,2862,GTEYX,22.08,USA
2863,2863,IFAFX,24.39,USA
2864,2864,JWGRX,22.33,USA
2865,2865,BPAVX,24.93,USA
2866,2866,RYAWX,21.15,USA
2867,2867,DTLGX,21.11,USA
2868,2868,MFUAX,24.42,USA
2869,2869,OSVCX,29.04,USA
2870,2870,SUVZX,24.2,USA
2871,2871,RSIYX,25.98,USA
2872,2872,RBACX,23.66,USA
2873,2873,URFFX,23.4,USA
2874,2874,SBBAX,24.22,USA
2875,2875,HGOCX,22.8,USA
2876,2876,JQLAX,23.93,USA
2877,2877,VTIVX,23.32,USA
2878,2878,LMEAX,23.04,USA
2879,2879,CPNYX,27.64,USA
2880,2880,BGPSF.AS,15.27,Netherlands
2881,2881,RSVIX,28.58,Sweden
2882,2882,S1278.MC,26.11,Spain
2883,2883,MCJAX,29.14,USA
2884,2884,ASPZX,21.05,USA
2885,2885,FRNRX,33.2,USA
2886,2886,VWELX,22.59,USA
2887,2887,MMQAX,28.61,USA
2888,2888,PXWIX,20.75,USA
2889,2889,RRGTX,15.97,USA
2890,2890,BVAOX,27.91,USA
2891,2891,MLPEX,37.28,USA
2892,2892,PWBCX,22.15,USA
2893,2893,HGHCX,27.92,USA
2894,2894,SCINX,22.94,USA
2895,2895,ABNIX,24.22,USA
2896,2896,FTQGX,20.54,USA
2897,2897,MAPOX,24.09,USA
2898,2898,MRYSX,23.41,USA
2899,2899,PRNEX,28.57,USA
2900,2900,RNCCX,24.72,USA
2901,2901,JVIAX,20.24,USA
2902,2902,GGSCX,22.23,USA
2903,2903,VEXAX,26.08,USA
2904,2904,AMLPX,34.49,USA
2905,2905,AIGYX,16.12,USA
2906,2906,RDLAX,20.84,USA
2907,2907,PQIIX,24.55,USA
2908,2908,AMECX,24.39,USA
2909,2909,FAIRX,25.66,USA
2910,2910,WLCVX,24.68,USA
2911,2911,RFNCX,23.39,USA
2912,2912,VILLX,26.13,USA
2913,2913,TWSIX,20.26,USA
2914,2914,ISMOX,23.38,USA
2915,2915,SAGCX,21.93,USA
2916,2916,PAADX,22.97,USA
2917,2917,WFQAX,24.52,USA
2918,2918,OARBX,25.17,USA
2919,2919,H61Q.SG,24.23,Germany
2920,2920,RICFX,23.49,USA
2921,2921,AUIKX,21.71,USA
2922,2922,ITHAX,22.91,USA
2923,2923,GGOAX,21.93,Sweden
2924,2924,MGOTX,23.58,USA
2925,2925,RYSVX,26.81,USA
2926,2926,JVAAX,23.63,USA
2927,2927,JRLVX,23.23,USA
2928,2928,ERDF.SW,31.87,
2929,2929,ROFCX,29.81,USA
2930,2930,LDFVX,23.97,USA
2931,2931,HACSX,23.86,USA
2932,2932,RIGGX,23.11,USA
2933,2933,OAKIX,23.7,USA
2934,2934,DNVYX,22.56,USA
2935,2935,GSMGX,26.38,USA
2936,2936,AIOIX,24.4,USA
2937,2937,CCCCX,32.5,USA
2938,2938,590104.BO,30.09,
2939,2939,S1064.MC,25.53,Spain
2940,2940,FPACX,26.12,USA
2941,2941,FGRIX,24.11,USA
2942,2942,IMSCX,24.08,USA
2943,2943,BRESX,21.04,USA
2944,2944,FFEFX,23.75,USA
2945,2945,GDIIX,25.03,USA
2946,2946,STSCX,26.68,USA
2947,2947,VDIPX,23.16,USA
2948,2948,BRUFX,29.37,USA
2949,2949,GSRKX,21.52,USA
2950,2950,SWISX,22.32,USA
2951,2951,GTSFX,26.58,USA
2952,2952,IHORX,21.67,USA
2953,2953,JAPIX,24.64,USA
2954,2954,JVLIX,23.43,USA
2955,2955,SWSCX,28.89,USA
2956,2956,MASTX,20.8,USA
2957,2957,IIRSX,29.13,USA
2958,2958,GPTCX,24.21,Sweden
2959,2959,VCBCX,21.52,USA
2960,2960,NCVLX,25.82,USA
2961,2961,GABEX,23.98,USA
2962,2962,PRMTX,21.57,USA
2963,2963,OGIYX,25.46,USA
2964,2964,ALVAX,24.71,USA
2965,2965,LMOPX,25.62,USA
2966,2966,WBRRX,22.98,USA
2967,2967,PAROX,23.47,USA
2968,2968,JSVTX,28.26,USA
2969,2969,JGVVX,21.28,USA
2970,2970,OD6Q.SG,22.19,Germany
2971,2971,PYSCX,27.86,USA
2972,2972,MBLAX,22.97,USA
2973,2973,OTCIX,21.88,USA
2974,2974,MOSLX,21.67,USA
2975,2975,DFSCX,29.34,USA
2976,2976,EKGCX,24.63,USA
2977,2977,LADYX,28.79,USA
2978,2978,RSPYX,28.69,USA
2979,2979,SUR-RVBFE.MX,23.06,Mexico
2980,2980,IGVWX,22.66,USA
2981,2981,ECCGX,22.9,USA
2982,2982,GLBIX,23.26,USA
2983,2983,JMVIX,24.76,USA
2984,2984,TEBIX,21.03,USA
2985,2985,WLGAX,19.3,USA
2986,2986,SABIX,22.58,USA
2987,2987,XG41.SW,20.07,
2988,2988,JOEMX,26.61,USA
2989,2989,MLPAX,36.51,USA
2990,2990,PRUAX,29.08,USA
2991,2991,BROAX,21.76,USA
2992,2992,JLHAX,23.92,USA
2993,2993,EEMCX,24.47,USA
2994,2994,NGRRX,22.54,USA
2995,2995,S3294.MC,21.87,Spain
2996,2996,CFLIX,20.96,USA
2997,2997,PEIZX,23.26,USA
2998,2998,TVOAX,29.32,USA
2999,2999,NSMRX,26.7,USA
3000,3000,FUGIX,32.61,USA
3001,3001,IAXAX,22.59,USA
3002,3002,GSICX,20.76,USA
3003,3003,VFAIX,23.88,USA
3004,3004,MDIJX,21.92,USA
3005,3005,FFTYX,19.85,USA
3006,3006,STVZX,23.01,USA
3007,3007,SWANX,21.48,USA
3008,3008,GSQTX,28.9,USA
3009,3009,VECTSICF.MX,23.09,Mexico
3010,3010,DFEVX,31.14,USA
3011,3011,LGOPX,22.54,USA
3012,3012,COVRX,26.1,USA
3013,3013,MUERX,21.58,USA
3014,3014,ACGMX,24.77,USA
3015,3015,WBSIX,28.24,USA
3016,3016,LCTRX,36.13,USA
3017,3017,TSGGX,23.11,USA
3018,3018,PYREX,17.56,USA
3019,3019,TRRJX,23.49,USA
3020,3020,NRGSX,23.3,USA
3021,3021,LVOFX,25.7,USA
3022,3022,MALOX,22.64,USA
3023,3023,OBEGX,25.61,USA
3024,3024,JDVFX,23.43,USA
3025,3025,STMSX,27.18,USA
3026,3026,IUCEX,20.04,USA
3027,3027,IRSBX,15.6,USA
3028,3028,PMACX,27.02,USA
3029,3029,FAGAX,22.8,USA
3030,3030,AEPCX,24.1,USA
3031,3031,MUSEX,21.58,USA
3032,3032,PJGCX,23.51,USA
3033,3033,HLMGX,21.65,USA
3034,3034,FAFFX,23.58,USA
3035,3035,JTSIX,22.25,USA
3036,3036,DKINVO.CO,21.91,Denmark
3037,3037,BOGSX,21.68,USA
3038,3038,AEMTX,27.01,USA
3039,3039,NAIGX,22.54,USA
3040,3040,MCOAX,27.17,USA
3041,3041,JABLX,21.27,USA
3042,3042,RWIEX,22.7,USA
3043,3043,JNPLX,24.64,USA
3044,3044,BAPEX,23.75,USA
3045,3045,EUGDX,20.35,USA
3046,3046,RAGTX,21.58,USA
3047,3047,TOLLX,22.98,USA
3048,3048,FACGX,22.8,USA
3049,3049,S3370.MC,24.03,Spain
3050,3050,USSPX,22.2,USA
3051,3051,MBCSX,21.47,USA
3052,3052,FAINX,23.07,USA
3053,3053,FLCEX,23.06,USA
3054,3054,SFPIX,23.33,USA
3055,3055,RDIIX,25.72,USA
3056,3056,VVIAX,24.15,USA
3057,3057,BHPF.AS,15.15,Netherlands
3058,3058,EXHAX,23.0,USA
3059,3059,ARGAX,27.92,USA
3060,3060,SNTCX,23.26,USA
3061,3061,RYTSX,24.42,USA
3062,3062,WABIX,25.86,USA
3063,3063,LKSCX,28.28,USA
3064,3064,VRVIX,24.01,USA
3065,3065,WFGRX,24.28,USA
3066,3066,CGFAX,23.63,USA
3067,3067,ACUIX,24.25,USA
3068,3068,HWCIX,25.33,USA
3069,3069,ABPRX,21.2,USA
3070,3070,HNCYX,21.6,USA
3071,3071,STLDX,23.78,USA
3072,3072,VCSLX,29.04,USA
3073,3073,LADFX,28.79,USA
3074,3074,GABAX,23.72,USA
3075,3075,JDMRX,22.5,USA
3076,3076,JAQIX,23.41,USA
3077,3077,FRUSX,31.49,USA
3078,3078,IMOYX,23.78,USA
3079,3079,JGSMX,27.68,USA
3080,3080,SMCYX,27.74,Sweden
3081,3081,VALMX16B2FI.MX,34.59,Mexico
3082,3082,NYVBX,22.56,USA
3083,3083,INR.DE,25.97,Germany
3084,3084,MALTX,28.89,USA
3085,3085,ACRNX,25.17,USA
3086,3086,MBAPX,21.46,USA
3087,3087,LEVOX,20.51,USA
3088,3088,JVMCX,24.69,USA
3089,3089,TIQIX,21.38,USA
3090,3090,MBESX,21.83,USA
3091,3091,VTCAX,22.55,USA
3092,3092,FBFRX,26.67,USA
3093,3093,NMGAX,23.42,USA
3094,3094,MNHIX,23.0,USA
3095,3095,EAIFX,23.54,USA
3096,3096,SUSIX,21.25,USA
3097,3097,S3166.MC,20.28,Spain
3098,3098,AOVIX,22.41,USA
3099,3099,PNRCX,35.14,USA
3100,3100,FTUCX,22.58,USA
3101,3101,DWGFX,26.43,USA
3102,3102,ICRPX,16.29,USA
3103,3103,QGRYX,23.92,USA
3104,3104,GOGFX,27.69,USA
3105,3105,HJPSX,28.13,USA
3106,3106,BUFOX,27.98,USA
3107,3107,FGRAX,21.5,USA
3108,3108,FOCKX,21.71,USA
3109,3109,JAPCX,24.64,USA
3110,3110,PYASX,23.02,Sweden
3111,3111,EAFGX,21.22,USA
3112,3112,TRSPX,21.89,USA
3113,3113,CSEIX,16.21,USA
3114,3114,HWMIX,26.71,USA
3115,3115,VEXMX,26.08,USA
3116,3116,JPPEX,23.26,USA
3117,3117,BGSIX,21.72,USA
3118,3118,HSSAX,28.65,USA
3119,3119,NSOPX,21.9,USA
3120,3120,UBFG.SW,20.47,
3121,3121,TAVFX,28.23,USA
3122,3122,JLJHX,23.78,USA
3123,3123,LMVRX,25.07,USA
3124,3124,JPYRX,23.25,USA
3125,3125,TRRNX,23.34,USA
3126,3126,JNABX,22.98,USA
3127,3127,FSDIX,23.73,USA
3128,3128,SFILX,26.21,USA
3129,3129,MVALX,27.8,USA
3130,3130,TWSAX,23.1,USA
3131,3131,AEPGX,24.1,USA
3132,3132,BEXFX,26.94,USA
3133,3133,TRBCX,21.51,USA
3134,3134,CNSDX,24.56,USA
3135,3135,AWSYX,20.75,USA
3136,3136,FZAEX,27.13,USA
3137,3137,NNGRX,22.12,USA
3138,3138,FEMKX,23.93,USA
3139,3139,STSAX,24.06,USA
3140,3140,S3385.MC,22.21,Spain
3141,3141,TOCQX,23.28,USA
3142,3142,SSHFX,23.55,USA
3143,3143,CMVYX,24.69,USA
3144,3144,LPBKX,23.89,USA
3145,3145,MFEIX,20.59,USA
3146,3146,HEMCX,24.17,USA
3147,3147,FILFX,22.31,Sweden
3148,3148,AOFAX,27.43,USA
3149,3149,GSYCX,26.01,USA
3150,3150,RDWEX,26.43,USA
3151,3151,LSRIX,27.41,USA
3152,3152,GICCX,23.65,USA
3153,3153,VVONX,25.8,USA
3154,3154,LANIX,23.68,USA
3155,3155,PIOTX,21.36,USA
3156,3156,S0856.MC,28.66,Spain
3157,3157,ACEIX,24.72,USA
3158,3158,GSMAX,26.38,USA
3159,3159,MINJX,20.76,USA
3160,3160,QUAYX,28.78,USA
3161,3161,SUWCX,22.02,USA
3162,3162,IVGTX,19.95,USA
3163,3163,WFINX,22.05,USA
3164,3164,OMSOX,22.3,USA
3165,3165,JNBSX,24.99,USA
3166,3166,SKSEX,28.83,Sweden
3167,3167,HDGSX,22.42,USA
3168,3168,XUMB.SG,19.72,Germany
3169,3169,EDIRX,23.95,USA
3170,3170,VADDX,23.01,USA
3171,3171,TSLAX,26.5,USA
3172,3172,SVBAX,22.92,USA
3173,3173,NDXKX,20.9,USA
3174,3174,EAGTX,22.15,USA
3175,3175,FDGTX,21.85,USA
3176,3176,PRBLX,20.02,USA
3177,3177,VEXPX,25.55,USA
3178,3178,NSRGX,29.49,
3179,3179,CAPBX,26.44,USA
3180,3180,IAUTX,26.04,USA
3181,3181,JM5C.SW,29.39,
3182,3182,BLRYX,15.73,USA
3183,3183,RNWAX,25.24,USA
3184,3184,MSFJX,23.33,USA
3185,3185,ADGYX,21.23,USA
3186,3186,S2779.MC,25.57,Spain
3187,3187,ESPIX,31.08,USA
3188,3188,WARCX,25.86,USA
3189,3189,FUGAX,32.61,USA
3190,3190,IICHX,20.25,USA
3191,3191,S1763.MC,22.3,Spain
3192,3192,SREZX,16.95,USA
3193,3193,LADQX,28.79,USA
3194,3194,VFORX,23.3,USA
3195,3195,ISGTX,23.93,USA
3196,3196,TIBIX,22.31,USA
3197,3197,JEGRX,18.74,USA
3198,3198,JMVAX,24.76,USA
3199,3199,IMPAX,27.87,USA
3200,3200,FPHAX,28.26,USA
3201,3201,FTASX,23.32,USA
3202,3202,NILIX,19.49,USA
3203,3203,S2869.MC,22.13,Spain
3204,3204,IRNIX,29.92,USA
3205,3205,MLPIX,26.29,USA
3206,3206,JLKWX,23.23,USA
3207,3207,PEQYX,22.48,USA
3208,3208,FCVSX,27.21,USA
3209,3209,VISVX,26.85,USA
3210,3210,PSQGX,22.09,USA
3211,3211,PCVAX,27.35,USA
3212,3212,NRREX,15.73,USA
3213,3213,DISSX,28.1,USA
3214,3214,CFIPX,21.68,USA
3215,3215,VICVX,24.51,USA
3216,3216,SHSCX,26.16,USA
3217,3217,ANFFX,22.69,USA
3218,3218,WHGHX,25.26,USA
3219,3219,GETGX,23.66,USA
3220,3220,DPEMX,24.55,USA
3221,3221,JAGIX,19.65,USA
3222,3222,EQIIX,25.74,USA
3223,3223,JDVNX,23.43,USA
3224,3224,NSEIX,23.5,USA
3225,3225,TEPIX,18.81,USA
3226,3226,MXXLX,23.29,USA
3227,3227,QIBGX,23.12,USA
3228,3228,MTYKX,23.5,USA
3229,3229,KSMVX,26.93,USA
3230,3230,CVQZX,23.17,USA
3231,3231,SBHIX,23.21,USA
3232,3232,GAFCX,24.08,USA
3233,3233,SLAFX,32.19,USA
3234,3234,ALMAX,26.24,USA
3235,3235,LZEMX,25.92,USA
3236,3236,MSVNX,26.64,USA
3237,3237,TRIFX,24.34,USA
3238,3238,EIUTX,21.62,USA
3239,3239,WAIOX,27.33,USA
3240,3240,MSAIX,24.81,USA
3241,3241,WTFRX,24.52,USA
3242,3242,FISAX,23.01,USA
3243,3243,SMYIX,21.68,USA
3244,3244,VTSMX,22.77,USA
3245,3245,VGEIX,19.92,USA
3246,3246,FCVAX,24.59,USA
3247,3247,PYUSX,22.52,USA
3248,3248,ANDAX,23.09,USA
3249,3249,MYCCX,23.06,USA
3250,3250,NAFTRAC.MX,27.9,
3251,3251,JRTGX,23.51,USA
3252,3252,GPIIX,24.51,USA
3253,3253,MENYX,26.89,USA
3254,3254,ASMNX,28.88,USA
3255,3255,ACVQX,25.17,USA
3256,3256,ECSEX,24.95,USA
3257,3257,INBURSAB-1.MX,33.74,Mexico
3258,3258,BYQB.SW,26.36,
3259,3259,DODWX,24.76,USA
3260,3260,UAVAX,23.65,USA
3261,3261,JALGX,24.23,USA
3262,3262,FSPCX,23.3,USA
3263,3263,JOGIX,20.05,USA
3264,3264,UMEMX,24.47,USA
3265,3265,NWWOX,20.87,USA
3266,3266,PDRFX,22.19,USA
3267,3267,OAKMX,24.67,USA
3268,3268,GBATX,24.21,Sweden
3269,3269,ARYDX,15.97,USA
3270,3270,JATTX,27.02,USA
3271,3271,ECHSX,25.74,USA
3272,3272,SVIIX,23.01,USA
3273,3273,MSSGX,23.49,USA
3274,3274,FAAFX,31.42,USA
3275,3275,JYIGLO.CO,21.58,
3276,3276,FMIHX,21.27,USA
3277,3277,CRBYX,25.17,USA
3278,3278,CDOFX,27.65,USA
3279,3279,TVVFX,23.53,USA
3280,3280,FTCVX,27.21,USA
3281,3281,FPBFX,23.82,USA
3282,3282,FABLX,23.41,USA
3283,3283,ADOZX,25.57,USA
3284,3284,CCJTX,23.5,USA
3285,3285,GTDCX,25.06,USA
3286,3286,NESYX,23.35,USA
3287,3287,TRCPX,23.36,USA
3288,3288,GSLIX,23.49,USA
3289,3289,TGCEX,19.38,USA
3290,3290,JRRQX,23.32,USA
3291,3291,PJDCX,21.9,USA
3292,3292,ABALX,23.46,USA
3293,3293,GTNDX,22.08,USA
3294,3294,TLQIX,23.02,USA
3295,3295,CSGZX,21.05,USA
3296,3296,WAMVX,29.08,USA
3297,3297,OIGAX,20.74,USA
3298,3298,TAAGX,23.12,USA
3299,3299,JSCZX,28.73,USA
3300,3300,FBTCX,30.56,USA
3301,3301,CANGX,21.32,USA
3302,3302,TVRIX,22.17,USA
3303,3303,CGMFX,21.92,USA
3304,3304,JNSCX,23.12,USA
3305,3305,JACNX,25.38,USA
3306,3306,ZDIVX,23.78,USA
3307,3307,RSYEX,30.2,USA
3308,3308,PLFJX,23.5,USA
3309,3309,PCEMX,24.35,USA
3310,3310,SCOBX,20.4,USA
3311,3311,EMIRX,25.65,USA
3312,3312,HDGTX,22.42,USA
3313,3313,WPSH.AS,20.03,Netherlands
3314,3314,HFCVX,25.7,USA
3315,3315,ISGRX,23.59,USA
3316,3316,CAPEX,22.5,USA
3317,3317,MBDIX,23.25,USA
3318,3318,CTSFX,23.93,USA
3319,3319,SVBBX,23.28,USA
3320,3320,RSSCX,23.27,USA
3321,3321,TCEPX,22.69,USA
3322,3322,NVMBX,24.85,USA
3323,3323,JGINX,19.65,USA
3324,3324,IBIYX,23.01,USA
3325,3325,FIGRX,21.74,USA
3326,3326,JDVVX,23.43,USA
3327,3327,HRASX,23.54,USA
3328,3328,TSMAX,23.88,USA
3329,3329,DSGYX,27.67,USA
3330,3330,TSGWX,23.59,USA
3331,3331,TMCLX,27.58,USA
3332,3332,VFIAX,22.05,USA
3333,3333,EKWCX,33.66,USA
3334,3334,SEGIX,26.19,USA
3335,3335,ATGRX,19.6,USA
3336,3336,JAMCX,23.62,USA
3337,3337,VEMPX,26.08,USA
3338,3338,TSVRX,27.83,USA
3339,3339,FVWSX,21.63,USA
3340,3340,IAXTX,22.59,USA
3341,3341,RWMBX,23.2,USA
3342,3342,TIERX,22.56,USA
3343,3343,TIVRX,21.75,USA
3344,3344,NPSTX,26.88,USA
3345,3345,JLMRX,24.05,USA
3346,3346,AFJCX,23.09,USA
3347,3347,PLICX,22.05,USA
3348,3348,QICLX,22.4,USA
3349,3349,IRLUX,21.83,USA
3350,3350,SDLAX,22.05,USA
3351,3351,BMPIX,25.91,USA
3352,3352,JISOX,27.48,USA
3353,3353,MIGAX,24.88,USA
3354,3354,BGRIX,23.63,USA
3355,3355,S2245.MC,22.49,Spain
3356,3356,GOIAX,22.51,USA
3357,3357,+TASAD1F2.MX,23.44,Mexico
3358,3358,KNPYX,20.59,USA
3359,3359,RGACX,23.63,USA
3360,3360,FTGWX,22.82,USA
3361,3361,VEUCX,21.89,USA
3362,3362,PEQLX,24.66,USA
3363,3363,IRLIX,21.83,USA
3364,3364,JMGZX,22.84,USA
3365,3365,HAMVX,23.54,USA
3366,3366,NGCAX,25.18,USA
3367,3367,PJVQX,23.26,USA
3368,3368,DDVAX,23.31,USA
3369,3369,NLCCX,21.42,USA
3370,3370,FSELX,20.66,USA
3371,3371,IDXIX,23.45,USA
3372,3372,DWOAX,22.09,USA
3373,3373,S3887.MC,27.04,Spain
3374,3374,JUEZX,21.79,USA
3375,3375,FMGIX,25.09,USA
3376,3376,MXSVX,29.99,USA
3377,3377,TEQIX,24.4,USA
3378,3378,PADEX,22.9,USA
3379,3379,S1456.MC,25.62,Spain
3380,3380,FITWX,24.13,USA
3381,3381,STMFX,20.78,USA
3382,3382,DBICX,22.43,USA
3383,3383,MJFOX,22.84,USA
3384,3384,SKIKON.CO,28.78,Denmark
3385,3385,MXAPX,23.68,USA
3386,3386,RDLCX,20.84,USA
3387,3387,MRLAX,14.77,USA
3388,3388,EPSRX,23.07,USA
3389,3389,GCLLX,22.04,USA
3390,3390,CBAIX,21.19,USA
3391,3391,RFETX,23.39,USA
3392,3392,QKACX,21.96,USA
3393,3393,PDREX,22.19,USA
3394,3394,CWMCX,23.2,USA
3395,3395,NALFX,22.44,USA
3396,3396,HCPIX,25.71,USA
3397,3397,VGSTX,23.14,USA
3398,3398,RAETX,23.55,USA
3399,3399,CDOYX,24.25,USA
3400,3400,AICCX,23.49,USA
3401,3401,ADVDX,22.67,USA
3402,3402,CRIAX,29.47,USA
3403,3403,BAMCX,24.49,USA
3404,3404,VDSCX,21.7,USA
3405,3405,PYACX,24.64,USA
3406,3406,NFEPX,20.78,USA
3407,3407,MDIFX,21.92,USA
3408,3408,PUMYX,24.61,USA
3409,3409,MRGAX,22.37,USA
3410,3410,AZSCX,27.91,USA
3411,3411,JRIRX,15.46,USA
3412,3412,FMAGX,20.06,USA
3413,3413,BFOCX,22.19,USA
3414,3414,WEQCX,23.73,USA
3415,3415,SEITX,22.37,USA
3416,3416,DMVAX,28.19,USA
3417,3417,IAAAX,22.95,USA
3418,3418,GWSCX,26.54,USA
3419,3419,AWPCX,20.86,USA
3420,3420,PQIAX,23.87,USA
3421,3421,GLNLX,21.73,USA
3422,3422,PCUFX,29.08,USA
3423,3423,USTCX,24.75,USA
3424,3424,RNWFX,25.24,USA
3425,3425,SPQAX,20.4,USA
3426,3426,NWCAX,18.81,USA
3427,3427,QALGX,20.32,USA
3428,3428,JGCAX,24.05,USA
3429,3429,ARSKX,21.68,USA
3430,3430,GCTAX,22.66,USA
3431,3431,DFSTX,28.37,USA
3432,3432,MNWBX,21.64,USA
3433,3433,GITAX,18.83,Sweden
3434,3434,JNGLX,27.58,USA
3435,3435,CGFEX,23.63,USA
3436,3436,TDFAX,20.87,USA
3437,3437,TGIRX,21.75,USA
3438,3438,JLKHX,23.77,USA
3439,3439,RYPAX,24.42,USA
3440,3440,MLPRX,40.05,USA
3441,3441,PVNBX,24.99,USA
3442,3442,QCSCX,28.84,USA
3443,3443,OPMYX,22.77,USA
3444,3444,JLEEX,24.42,USA
3445,3445,HRTVX,30.84,USA
3446,3446,JSIGX,30.21,USA
3447,3447,RYDCX,25.21,USA
3448,3448,NWJEX,20.33,USA
3449,3449,TWEIX,25.35,USA
3450,3450,RWMFX,23.2,USA
3451,3451,EHIAX,22.62,USA
3452,3452,NMANX,23.42,USA
3453,3453,PDRRX,22.19,USA
3454,3454,MXMGX,24.65,USA
3455,3455,CLTAX,20.87,USA
3456,3456,EPLKX,23.7,USA
3457,3457,SMPIX,19.3,USA
3458,3458,NWMDX,23.89,USA
3459,3459,VREQX,16.22,USA
3460,3460,JEPAX,21.72,USA
3461,3461,JDCAX,21.33,USA
3462,3462,EPSYX,23.07,USA
3463,3463,FPURX,23.18,USA
3464,3464,S0009.MC,22.34,Spain
3465,3465,GHAIX,32.7,USA
3466,3466,VIMAX,23.16,USA
3467,3467,UTPIX,31.79,USA
3468,3468,UBA3.SG,25.87,Germany
3469,3469,JHSB.SW,27.32,
3470,3470,PMARX,22.64,USA
3471,3471,IPOYX,27.25,USA
3472,3472,ABLYX,24.71,USA
3473,3473,MBCGX,21.47,USA
3474,3474,NEWFX,25.24,USA
3475,3475,PSSMX,28.1,Sweden
3476,3476,GSCGX,22.03,Sweden
3477,3477,S2918.MC,23.15,Spain
3478,3478,NOIEX,21.88,USA
3479,3479,NFACX,18.7,USA
3480,3480,MGRSX,20.95,USA
3481,3481,QCBGX,23.12,USA
3482,3482,TRULX,23.18,USA
3483,3483,JLFIX,24.13,USA
3484,3484,FEQIX,23.92,USA
3485,3485,IGHSX,22.66,USA
3486,3486,S1435.MC,23.65,Spain
3487,3487,ETAHX,35.74,USA
3488,3488,AMFFX,22.63,USA
3489,3489,MSLLX,23.12,USA
3490,3490,MSGPX,22.66,USA
3491,3491,NWHHX,27.36,USA
3492,3492,TIGVX,20.99,USA
3493,3493,OARIX,23.7,USA
3494,3494,MIDCX,23.68,USA
3495,3495,RBAGX,23.66,USA
3496,3496,PLHZX,22.86,USA
3497,3497,GOCAX,28.82,USA
3498,3498,MSFRX,23.33,USA
3499,3499,DQIYX,22.52,USA
3500,3500,RIDEX,24.39,USA
3501,3501,QEENX,26.38,USA
3502,3502,IZSCX,20.52,USA
3503,3503,AAGPX,24.71,USA
3504,3504,LMBAX,28.41,USA
3505,3505,MCRFX,24.14,USA
3506,3506,QCENX,21.87,USA
3507,3507,CAIFX,23.74,USA
3508,3508,VPMCX,22.77,USA
3509,3509,FNORX,22.33,USA
3510,3510,ALVRX,24.34,USA
3511,3511,FSNGX,30.94,USA
3512,3512,JRHPX,23.44,USA
3513,3513,HMCVX,23.07,USA
3514,3514,EKBAX,24.43,USA
3515,3515,FMEIX,23.84,USA
3516,3516,TRRBX,23.99,USA
3517,3517,JSVAX,25.38,USA
3518,3518,MAEQX,22.47,USA
3519,3519,TWSMX,23.14,USA
3520,3520,FDGFX,21.87,USA
3521,3521,AFMCX,30.23,USA
3522,3522,RLBAX,23.46,USA
3523,3523,AMTAX,22.64,USA
3524,3524,HRVIX,29.04,USA
3525,3525,ADSIX,20.97,USA
3526,3526,WRGCX,26.9,USA
3527,3527,BRLGX,20.11,USA
3528,3528,FZAIX,21.74,USA
3529,3529,PKSFX,23.53,USA
3530,3530,CVLEX,23.43,USA
3531,3531,ICSCX,27.4,USA
3532,3532,HSRSX,28.48,USA
3533,3533,GLFOX,22.08,USA
3534,3534,PNERX,23.09,USA
3535,3535,OTFCX,21.5,USA
3536,3536,DBIVX,22.43,USA
3537,3537,GMMAX,24.68,USA
3538,3538,MREFX,18.47,USA
3539,3539,590109.BO,21.92,
3540,3540,DLDRX,33.98,USA
3541,3541,+CIBOLSA.MX,24.04,Mexico
3542,3542,NSPCX,27.6,USA
3543,3543,RLBBX,23.46,USA
3544,3544,JMVZX,23.62,USA
3545,3545,CNGEX,22.69,USA
3546,3546,DHLYX,23.41,USA
3547,3547,PVFYX,21.36,USA
3548,3548,MINFX,20.76,USA
3549,3549,CAMWX,23.9,USA
3550,3550,HGISX,22.4,USA
3551,3551,GBMAGRB.MX,36.87,Mexico
3552,3552,JRTWX,23.29,USA
3553,3553,VFWSX,23.86,USA
3554,3554,ABSKX,24.88,USA
3555,3555,JDSAX,28.88,USA
3556,3556,FIASX,25.91,USA
3557,3557,LLARX,24.22,USA
3558,3558,RERFX,24.1,USA
3559,3559,MOPBX,21.81,USA
3560,3560,HLRRX,19.79,USA
3561,3561,FAOAX,19.92,USA
3562,3562,FSAGX,32.09,USA
3563,3563,BPTRX,28.22,USA
3564,3564,JMISX,24.06,USA
3565,3565,IEMGX,25.92,USA
3566,3566,MMIAX,21.19,USA
3567,3567,USPAX,23.7,USA
3568,3568,PSGQX,21.49,USA
3569,3569,NINAX,26.16,USA
3570,3570,SAGWX,26.81,USA
3571,3571,REQAX,21.47,Sweden
3572,3572,MGLBX,20.19,USA
3573,3573,DKIUOBL.CO,24.23,Denmark
3574,3574,KTCIX,19.68,USA
3575,3575,TNSYX,22.08,USA
3576,3576,S2260.MC,23.04,Spain
3577,3577,VTTVX,23.22,USA
3578,3578,GOPRX,28.96,USA
3579,3579,JANVX,27.22,USA
3580,3580,ODICX,27.83,USA
3581,3581,NSCFX,28.67,USA
3582,3582,MCJIX,29.14,USA
3583,3583,PMFPX,25.24,USA
3584,3584,ELFNX,21.36,USA
3585,3585,EVGBX,24.13,Sweden
3586,3586,DIEQX,20.44,USA
3587,3587,PSSIX,28.1,USA
3588,3588,EWECX,21.43,USA
3589,3589,JOSMX,26.59,USA
3590,3590,NWJAX,24.26,USA
3591,3591,CHCRX,25.12,USA
3592,3592,HRSCX,28.48,USA
3593,3593,FOSFX,19.97,USA
3594,3594,GICPX,19.76,USA
3595,3595,JPVIX,25.67,USA
3596,3596,IIGCX,35.61,USA
3597,3597,MRLIX,19.94,USA
3598,3598,RYHEX,25.82,USA
3599,3599,TLYIX,23.04,USA
3600,3600,DUSQX,22.56,USA
3601,3601,CIHCX,22.91,USA
3602,3602,IDPIX,23.83,USA
3603,3603,S3089.MC,25.37,Spain
3604,3604,PIGRX,23.2,USA
3605,3605,PGEIX,25.03,USA
3606,3606,TEMWX,23.06,USA
3607,3607,OPOCX,27.83,USA
3608,3608,ADVLX,24.69,USA
3609,3609,WSMDX,25.66,USA
3610,3610,NWHDX,27.36,USA
3611,3611,WFQPX,24.52,USA
3612,3612,RRTPX,23.58,USA
3613,3613,RIFKX,26.36,USA
3614,3614,UEPSX,24.33,USA
3615,3615,IGMIX,20.16,USA
3616,3616,TILGX,21.14,USA
3617,3617,SEEKX,21.84,USA
3618,3618,MICGX,25.1,USA
3619,3619,PARCX,23.67,USA
3620,3620,OBSOX,26.74,USA
3621,3621,FCASX,23.32,USA
3622,3622,RSQYX,24.33,USA
3623,3623,LMEIX,24.22,USA
3624,3624,QVGIX,23.92,USA
3625,3625,TLGCX,22.53,USA
3626,3626,DFTEX,24.27,USA
3627,3627,ADCIX,20.97,USA
3628,3628,SPFZX,21.49,USA
3629,3629,DPRSX,24.72,USA
3630,3630,RYSYX,22.04,USA
3631,3631,NAMAX,24.69,USA
3632,3632,CNWEX,25.24,USA
3633,3633,JOEAX,26.61,USA
3634,3634,ERDU.SW,25.74,
3635,3635,MIDVX,20.09,Sweden
3636,3636,CPNFX,27.64,USA
3637,3637,UOPSX,21.71,USA
3638,3638,AZSYX,27.91,USA
3639,3639,GLOSX,24.4,USA
3640,3640,FZAMX,24.06,USA
3641,3641,SIIEX,21.34,USA
3642,3642,GLVCX,21.17,USA
3643,3643,AHSCX,28.45,USA
3644,3644,VIMCX,23.85,USA
3645,3645,LIVAX,22.82,USA
3646,3646,OPGIX,25.46,USA
3647,3647,MLPZX,40.05,USA
3648,3648,MTNRX,24.06,USA
3649,3649,PINZX,24.21,USA
3650,3650,VISAX,23.04,USA
3651,3651,LLPFX,27.01,USA
3652,3652,JSVUX,29.04,USA
3653,3653,SMBYX,21.78,USA
3654,3654,VGRIX,23.27,USA
3655,3655,REQCX,21.47,Sweden
3656,3656,VHGEX,23.29,USA
3657,3657,GSMYX,26.38,USA
3658,3658,SMEYX,26.09,USA
3659,3659,PHSZX,29.13,USA
3660,3660,LZSMX,24.1,USA
3661,3661,CWGCX,22.7,USA
3662,3662,RYDVX,25.72,USA
3663,3663,VIIIX,22.04,USA
3664,3664,EKOCX,21.45,USA
3665,3665,MSILX,21.8,USA
3666,3666,LSITX,20.21,USA
3667,3667,FBPBX,23.96,USA
3668,3668,IBNCX,22.29,USA
3669,3669,FDGRX,22.32,USA
3670,3670,ARTHX,24.83,USA
3671,3671,ACMYX,26.28,USA
3672,3672,NWQCX,25.27,USA
3673,3673,HWSAX,28.49,USA
3674,3674,HSRRX,28.48,USA
3675,3675,GOPSX,28.96,USA
3676,3676,MFBBX,23.25,USA
3677,3677,VNVNX,26.0,USA
3678,3678,GAFRX,23.9,USA
3679,3679,GGOIX,21.93,Sweden
3680,3680,JANRX,22.77,USA
3681,3681,CBAEX,23.66,USA
3682,3682,ABSRX,24.88,USA
3683,3683,NFEAX,20.78,USA
3684,3684,WFTCX,21.37,USA
3685,3685,USLIX,20.58,USA
3686,3686,NWKAX,22.23,USA
3687,3687,FFIDX,20.33,USA
3688,3688,UTPSX,31.79,USA
3689,3689,ECIDX,23.68,USA
3690,3690,ORILX,23.6,USA
3691,3691,CCBTX,23.86,USA
3692,3692,HSCSX,26.57,USA
3693,3693,EGWCX,27.21,USA
3694,3694,MRMIX,21.86,USA
3695,3695,HMVTX,26.31,USA
3696,3696,VPGDX,23.98,USA
3697,3697,WWSAX,27.44,USA
3698,3698,CLBAX,23.46,USA
3699,3699,HIMCX,24.79,USA
3700,3700,BRSVX,28.52,USA
3701,3701,JUNIORBEES.NS,30.09,Nigeria
3702,3702,DNDGX,26.93,USA
3703,3703,NCBVX,24.35,USA
3704,3704,VSTCX,27.09,USA
3705,3705,WOGSX,22.14,USA
3706,3706,PXNIX,20.26,USA
3707,3707,OSTIX,28.85,USA
3708,3708,EXOSX,23.53,Sweden
3709,3709,ARLIX,23.22,USA
3710,3710,UGPIX,25.86,USA
3711,3711,CNWIX,25.26,USA
3712,3712,NVXCX,23.25,USA
3713,3713,LINRX,24.69,USA
3714,3714,SPECX,21.05,USA
3715,3715,IUENX,20.04,USA
3716,3716,ACGIX,24.77,USA
3717,3717,VEVFX,27.12,USA
3718,3718,PTDNX,23.02,USA
3719,3719,S2995.MC,23.53,Spain
3720,3720,NUIRX,20.99,USA
3721,3721,IEOSX,21.43,USA
3722,3722,FNGAX,21.09,USA
3723,3723,CNJFX,26.26,USA
3724,3724,TESIX,24.09,USA
3725,3725,JLPCX,21.89,USA
3726,3726,AMCFX,22.86,USA
3727,3727,BALFX,23.46,USA
3728,3728,QECRX,26.38,USA
